source_sequence_name	offset	peptide	allele	score	affinity	percentile_rank	prediction_method_name	length
SDTAVYYCARAPDCADADCHKGAFGYWGQGTLVTVS	14	ADADCHKGAFGYWGQ	HLA-DPA1*01:03-DPB1*05:01	0.114208	14531.49	88.99	netMHCIIpan	15
SDTAVYYCARAPDCADADCHKGAFGYWGQGTLVTVS	16	ADCHKGAFGYWGQGT	HLA-DPA1*01:03-DPB1*05:01	0.127672	12561.55	85.39	netMHCIIpan	15
SDTAVYYCARAPDCADADCHKGAFGYWGQGTLVTVS	10	APDCADADCHKGAFG	HLA-DPA1*01:03-DPB1*05:01	0.066124	24448.67	95.0	netMHCIIpan	15
SDTAVYYCARAPDCADADCHKGAFGYWGQGTLVTVS	8	ARAPDCADADCHKGA	HLA-DPA1*01:03-DPB1*05:01	0.075241	22152.09	95.0	netMHCIIpan	15
SDTAVYYCARAPDCADADCHKGAFGYWGQGTLVTVS	3	AVYYCARAPDCADAD	HLA-DPA1*01:03-DPB1*05:01	0.184249	6810.66	67.52	netMHCIIpan	15
SDTAVYYCARAPDCADADCHKGAFGYWGQGTLVTVS	13	CADADCHKGAFGYWG	HLA-DPA1*01:03-DPB1*05:01	0.101161	16734.68	91.96	netMHCIIpan	15
SDTAVYYCARAPDCADADCHKGAFGYWGQGTLVTVS	7	CARAPDCADADCHKG	HLA-DPA1*01:03-DPB1*05:01	0.07653	21845.29	95.0	netMHCIIpan	15
SDTAVYYCARAPDCADADCHKGAFGYWGQGTLVTVS	18	CHKGAFGYWGQGTLV	HLA-DPA1*01:03-DPB1*05:01	0.181502	7016.13	68.45	netMHCIIpan	15
SDTAVYYCARAPDCADADCHKGAFGYWGQGTLVTVS	15	DADCHKGAFGYWGQG	HLA-DPA1*01:03-DPB1*05:01	0.115112	14390.05	88.75	netMHCIIpan	15
SDTAVYYCARAPDCADADCHKGAFGYWGQGTLVTVS	12	DCADADCHKGAFGYW	HLA-DPA1*01:03-DPB1*05:01	0.09166	18546.52	93.96	netMHCIIpan	15
SDTAVYYCARAPDCADADCHKGAFGYWGQGTLVTVS	17	DCHKGAFGYWGQGTL	HLA-DPA1*01:03-DPB1*05:01	0.160397	8815.95	75.56	netMHCIIpan	15
SDTAVYYCARAPDCADADCHKGAFGYWGQGTLVTVS	1	DTAVYYCARAPDCAD	HLA-DPA1*01:03-DPB1*05:01	0.193848	6138.81	64.27	netMHCIIpan	15
SDTAVYYCARAPDCADADCHKGAFGYWGQGTLVTVS	21	GAFGYWGQGTLVTVS	HLA-DPA1*01:03-DPB1*05:01	0.239088	3762.73	48.71	netMHCIIpan	15
SDTAVYYCARAPDCADADCHKGAFGYWGQGTLVTVS	19	HKGAFGYWGQGTLVT	HLA-DPA1*01:03-DPB1*05:01	0.213214	4978.33	57.59	netMHCIIpan	15
SDTAVYYCARAPDCADADCHKGAFGYWGQGTLVTVS	20	KGAFGYWGQGTLVTV	HLA-DPA1*01:03-DPB1*05:01	0.244196	3560.41	47.0	netMHCIIpan	15
SDTAVYYCARAPDCADADCHKGAFGYWGQGTLVTVS	11	PDCADADCHKGAFGY	HLA-DPA1*01:03-DPB1*05:01	0.074167	22411.01	95.0	netMHCIIpan	15
SDTAVYYCARAPDCADADCHKGAFGYWGQGTLVTVS	9	RAPDCADADCHKGAF	HLA-DPA1*01:03-DPB1*05:01	0.071275	23123.36	95.0	netMHCIIpan	15
SDTAVYYCARAPDCADADCHKGAFGYWGQGTLVTVS	0	SDTAVYYCARAPDCA	HLA-DPA1*01:03-DPB1*05:01	0.209131	5203.19	59.0	netMHCIIpan	15
SDTAVYYCARAPDCADADCHKGAFGYWGQGTLVTVS	2	TAVYYCARAPDCADA	HLA-DPA1*01:03-DPB1*05:01	0.201436	5654.94	61.65	netMHCIIpan	15
SDTAVYYCARAPDCADADCHKGAFGYWGQGTLVTVS	4	VYYCARAPDCADADC	HLA-DPA1*01:03-DPB1*05:01	0.154404	9406.55	77.48	netMHCIIpan	15
SDTAVYYCARAPDCADADCHKGAFGYWGQGTLVTVS	6	YCARAPDCADADCHK	HLA-DPA1*01:03-DPB1*05:01	0.088829	19123.4	94.56	netMHCIIpan	15
SDTAVYYCARAPDCADADCHKGAFGYWGQGTLVTVS	5	YYCARAPDCADADCH	HLA-DPA1*01:03-DPB1*05:01	0.109159	15347.41	90.27	netMHCIIpan	15
SDTAVYYCARAPDCADADCHKGAFGYWGQGTLVTVS	14	ADADCHKGAFGYWGQ	HLA-DPA1*01:03-DPB1*04:02	0.094863	17914.79	83.48	netMHCIIpan	15
SDTAVYYCARAPDCADADCHKGAFGYWGQGTLVTVS	16	ADCHKGAFGYWGQGT	HLA-DPA1*01:03-DPB1*04:02	0.107438	15635.87	78.38	netMHCIIpan	15
SDTAVYYCARAPDCADADCHKGAFGYWGQGTLVTVS	10	APDCADADCHKGAFG	HLA-DPA1*01:03-DPB1*04:02	0.048336	29637.43	95.0	netMHCIIpan	15
SDTAVYYCARAPDCADADCHKGAFGYWGQGTLVTVS	8	ARAPDCADADCHKGA	HLA-DPA1*01:03-DPB1*04:02	0.051152	28748.04	95.0	netMHCIIpan	15
SDTAVYYCARAPDCADADCHKGAFGYWGQGTLVTVS	3	AVYYCARAPDCADAD	HLA-DPA1*01:03-DPB1*04:02	0.125251	12894.94	70.74	netMHCIIpan	15
SDTAVYYCARAPDCADADCHKGAFGYWGQGTLVTVS	13	CADADCHKGAFGYWG	HLA-DPA1*01:03-DPB1*04:02	0.086185	19678.38	86.8	netMHCIIpan	15
SDTAVYYCARAPDCADADCHKGAFGYWGQGTLVTVS	7	CARAPDCADADCHKG	HLA-DPA1*01:03-DPB1*04:02	0.053664	27977.21	95.0	netMHCIIpan	15
SDTAVYYCARAPDCADADCHKGAFGYWGQGTLVTVS	18	CHKGAFGYWGQGTLV	HLA-DPA1*01:03-DPB1*04:02	0.160767	8780.73	55.66	netMHCIIpan	15
SDTAVYYCARAPDCADADCHKGAFGYWGQGTLVTVS	15	DADCHKGAFGYWGQG	HLA-DPA1*01:03-DPB1*04:02	0.096608	17579.72	82.79	netMHCIIpan	15
SDTAVYYCARAPDCADADCHKGAFGYWGQGTLVTVS	12	DCADADCHKGAFGYW	HLA-DPA1*01:03-DPB1*04:02	0.077274	21670.14	90.07	netMHCIIpan	15
SDTAVYYCARAPDCADADCHKGAFGYWGQGTLVTVS	17	DCHKGAFGYWGQGTL	HLA-DPA1*01:03-DPB1*04:02	0.136223	11451.5	65.92	netMHCIIpan	15
SDTAVYYCARAPDCADADCHKGAFGYWGQGTLVTVS	1	DTAVYYCARAPDCAD	HLA-DPA1*01:03-DPB1*04:02	0.135165	11583.34	66.39	netMHCIIpan	15
SDTAVYYCARAPDCADADCHKGAFGYWGQGTLVTVS	21	GAFGYWGQGTLVTVS	HLA-DPA1*01:03-DPB1*04:02	0.220633	4594.33	33.75	netMHCIIpan	15
SDTAVYYCARAPDCADADCHKGAFGYWGQGTLVTVS	19	HKGAFGYWGQGTLVT	HLA-DPA1*01:03-DPB1*04:02	0.192325	6240.8	43.44	netMHCIIpan	15
SDTAVYYCARAPDCADADCHKGAFGYWGQGTLVTVS	20	KGAFGYWGQGTLVTV	HLA-DPA1*01:03-DPB1*04:02	0.222706	4492.43	33.08	netMHCIIpan	15
SDTAVYYCARAPDCADADCHKGAFGYWGQGTLVTVS	11	PDCADADCHKGAFGY	HLA-DPA1*01:03-DPB1*04:02	0.053604	27995.38	95.0	netMHCIIpan	15
SDTAVYYCARAPDCADADCHKGAFGYWGQGTLVTVS	9	RAPDCADADCHKGAF	HLA-DPA1*01:03-DPB1*04:02	0.052684	28275.45	95.0	netMHCIIpan	15
SDTAVYYCARAPDCADADCHKGAFGYWGQGTLVTVS	0	SDTAVYYCARAPDCA	HLA-DPA1*01:03-DPB1*04:02	0.14363	10569.56	62.78	netMHCIIpan	15
SDTAVYYCARAPDCADADCHKGAFGYWGQGTLVTVS	2	TAVYYCARAPDCADA	HLA-DPA1*01:03-DPB1*04:02	0.139314	11074.85	64.59	netMHCIIpan	15
SDTAVYYCARAPDCADADCHKGAFGYWGQGTLVTVS	4	VYYCARAPDCADADC	HLA-DPA1*01:03-DPB1*04:02	0.103928	16241.1	79.86	netMHCIIpan	15
SDTAVYYCARAPDCADADCHKGAFGYWGQGTLVTVS	6	YCARAPDCADADCHK	HLA-DPA1*01:03-DPB1*04:02	0.062009	25561.81	94.76	netMHCIIpan	15
SDTAVYYCARAPDCADADCHKGAFGYWGQGTLVTVS	5	YYCARAPDCADADCH	HLA-DPA1*01:03-DPB1*04:02	0.076375	21881.96	90.34	netMHCIIpan	15
SDTAVYYCARAPDCADADCHKGAFGYWGQGTLVTVS	14	ADADCHKGAFGYWGQ	HLA-DRA1*01:01-DRB3*01:01	0.086806	19546.6	91.96	netMHCIIpan	15
SDTAVYYCARAPDCADADCHKGAFGYWGQGTLVTVS	16	ADCHKGAFGYWGQGT	HLA-DRA1*01:01-DRB3*01:01	0.091646	18549.33	90.72	netMHCIIpan	15
SDTAVYYCARAPDCADADCHKGAFGYWGQGTLVTVS	10	APDCADADCHKGAFG	HLA-DRA1*01:01-DRB3*01:01	0.095609	17770.77	89.64	netMHCIIpan	15
SDTAVYYCARAPDCADADCHKGAFGYWGQGTLVTVS	8	ARAPDCADADCHKGA	HLA-DRA1*01:01-DRB3*01:01	0.102811	16438.58	87.37	netMHCIIpan	15
SDTAVYYCARAPDCADADCHKGAFGYWGQGTLVTVS	3	AVYYCARAPDCADAD	HLA-DRA1*01:01-DRB3*01:01	0.189855	6409.84	52.27	netMHCIIpan	15
SDTAVYYCARAPDCADADCHKGAFGYWGQGTLVTVS	13	CADADCHKGAFGYWG	HLA-DRA1*01:01-DRB3*01:01	0.092448	18389.06	90.52	netMHCIIpan	15
SDTAVYYCARAPDCADADCHKGAFGYWGQGTLVTVS	7	CARAPDCADADCHKG	HLA-DRA1*01:01-DRB3*01:01	0.099218	17090.22	88.5	netMHCIIpan	15
SDTAVYYCARAPDCADADCHKGAFGYWGQGTLVTVS	18	CHKGAFGYWGQGTLV	HLA-DRA1*01:01-DRB3*01:01	0.167416	8171.23	62.02	netMHCIIpan	15
SDTAVYYCARAPDCADADCHKGAFGYWGQGTLVTVS	15	DADCHKGAFGYWGQG	HLA-DRA1*01:01-DRB3*01:01	0.075978	21976.15	94.72	netMHCIIpan	15
SDTAVYYCARAPDCADADCHKGAFGYWGQGTLVTVS	12	DCADADCHKGAFGYW	HLA-DRA1*01:01-DRB3*01:01	0.099566	17025.99	88.39	netMHCIIpan	15
SDTAVYYCARAPDCADADCHKGAFGYWGQGTLVTVS	17	DCHKGAFGYWGQGTL	HLA-DRA1*01:01-DRB3*01:01	0.139453	11058.2	73.88	netMHCIIpan	15
SDTAVYYCARAPDCADADCHKGAFGYWGQGTLVTVS	1	DTAVYYCARAPDCAD	HLA-DRA1*01:01-DRB3*01:01	0.198021	5867.8	48.81	netMHCIIpan	15
SDTAVYYCARAPDCADADCHKGAFGYWGQGTLVTVS	21	GAFGYWGQGTLVTVS	HLA-DRA1*01:01-DRB3*01:01	0.245302	3518.06	31.32	netMHCIIpan	15
SDTAVYYCARAPDCADADCHKGAFGYWGQGTLVTVS	19	HKGAFGYWGQGTLVT	HLA-DRA1*01:01-DRB3*01:01	0.216582	4800.18	41.49	netMHCIIpan	15
SDTAVYYCARAPDCADADCHKGAFGYWGQGTLVTVS	20	KGAFGYWGQGTLVTV	HLA-DRA1*01:01-DRB3*01:01	0.246063	3489.21	31.06	netMHCIIpan	15
SDTAVYYCARAPDCADADCHKGAFGYWGQGTLVTVS	11	PDCADADCHKGAFGY	HLA-DRA1*01:01-DRB3*01:01	0.095696	17754.05	89.61	netMHCIIpan	15
SDTAVYYCARAPDCADADCHKGAFGYWGQGTLVTVS	9	RAPDCADADCHKGAF	HLA-DRA1*01:01-DRB3*01:01	0.107923	15554.03	85.76	netMHCIIpan	15
SDTAVYYCARAPDCADADCHKGAFGYWGQGTLVTVS	0	SDTAVYYCARAPDCA	HLA-DRA1*01:01-DRB3*01:01	0.198186	5857.33	48.75	netMHCIIpan	15
SDTAVYYCARAPDCADADCHKGAFGYWGQGTLVTVS	2	TAVYYCARAPDCADA	HLA-DRA1*01:01-DRB3*01:01	0.202443	5593.66	47.02	netMHCIIpan	15
SDTAVYYCARAPDCADADCHKGAFGYWGQGTLVTVS	4	VYYCARAPDCADADC	HLA-DRA1*01:01-DRB3*01:01	0.167953	8123.89	61.79	netMHCIIpan	15
SDTAVYYCARAPDCADADCHKGAFGYWGQGTLVTVS	6	YCARAPDCADADCHK	HLA-DRA1*01:01-DRB3*01:01	0.116062	14242.89	82.92	netMHCIIpan	15
SDTAVYYCARAPDCADADCHKGAFGYWGQGTLVTVS	5	YYCARAPDCADADCH	HLA-DRA1*01:01-DRB3*01:01	0.133603	11780.77	76.25	netMHCIIpan	15
SDTAVYYCARAPDCADADCHKGAFGYWGQGTLVTVS	14	ADADCHKGAFGYWGQ	HLA-DRA1*01:01-DRB1*12:01	0.102884	16425.6	84.27	netMHCIIpan	15
SDTAVYYCARAPDCADADCHKGAFGYWGQGTLVTVS	16	ADCHKGAFGYWGQGT	HLA-DRA1*01:01-DRB1*12:01	0.100961	16770.94	84.9	netMHCIIpan	15
SDTAVYYCARAPDCADADCHKGAFGYWGQGTLVTVS	10	APDCADADCHKGAFG	HLA-DRA1*01:01-DRB1*12:01	0.06137	25739.15	95.0	netMHCIIpan	15
SDTAVYYCARAPDCADADCHKGAFGYWGQGTLVTVS	8	ARAPDCADADCHKGA	HLA-DRA1*01:01-DRB1*12:01	0.053256	28100.99	95.0	netMHCIIpan	15
SDTAVYYCARAPDCADADCHKGAFGYWGQGTLVTVS	3	AVYYCARAPDCADAD	HLA-DRA1*01:01-DRB1*12:01	0.158105	9037.31	65.44	netMHCIIpan	15
SDTAVYYCARAPDCADADCHKGAFGYWGQGTLVTVS	13	CADADCHKGAFGYWG	HLA-DRA1*01:01-DRB1*12:01	0.097537	17403.9	85.93	netMHCIIpan	15
SDTAVYYCARAPDCADADCHKGAFGYWGQGTLVTVS	7	CARAPDCADADCHKG	HLA-DRA1*01:01-DRB1*12:01	0.0529	28209.44	95.0	netMHCIIpan	15
SDTAVYYCARAPDCADADCHKGAFGYWGQGTLVTVS	18	CHKGAFGYWGQGTLV	HLA-DRA1*01:01-DRB1*12:01	0.158886	8961.27	65.17	netMHCIIpan	15
SDTAVYYCARAPDCADADCHKGAFGYWGQGTLVTVS	15	DADCHKGAFGYWGQG	HLA-DRA1*01:01-DRB1*12:01	0.095763	17741.18	86.46	netMHCIIpan	15
SDTAVYYCARAPDCADADCHKGAFGYWGQGTLVTVS	12	DCADADCHKGAFGYW	HLA-DRA1*01:01-DRB1*12:01	0.090212	18839.38	88.12	netMHCIIpan	15
SDTAVYYCARAPDCADADCHKGAFGYWGQGTLVTVS	17	DCHKGAFGYWGQGTL	HLA-DRA1*01:01-DRB1*12:01	0.137269	11322.62	72.68	netMHCIIpan	15
SDTAVYYCARAPDCADADCHKGAFGYWGQGTLVTVS	1	DTAVYYCARAPDCAD	HLA-DRA1*01:01-DRB1*12:01	0.173635	7639.49	60.12	netMHCIIpan	15
SDTAVYYCARAPDCADADCHKGAFGYWGQGTLVTVS	21	GAFGYWGQGTLVTVS	HLA-DRA1*01:01-DRB1*12:01	0.18857	6499.58	54.95	netMHCIIpan	15
SDTAVYYCARAPDCADADCHKGAFGYWGQGTLVTVS	19	HKGAFGYWGQGTLVT	HLA-DRA1*01:01-DRB1*12:01	0.171472	7820.39	60.86	netMHCIIpan	15
SDTAVYYCARAPDCADADCHKGAFGYWGQGTLVTVS	20	KGAFGYWGQGTLVTV	HLA-DRA1*01:01-DRB1*12:01	0.194553	6092.16	53.0	netMHCIIpan	15
SDTAVYYCARAPDCADADCHKGAFGYWGQGTLVTVS	11	PDCADADCHKGAFGY	HLA-DRA1*01:01-DRB1*12:01	0.073716	22520.64	92.64	netMHCIIpan	15
SDTAVYYCARAPDCADADCHKGAFGYWGQGTLVTVS	9	RAPDCADADCHKGAF	HLA-DRA1*01:01-DRB1*12:01	0.062969	25297.67	95.0	netMHCIIpan	15
SDTAVYYCARAPDCADADCHKGAFGYWGQGTLVTVS	0	SDTAVYYCARAPDCA	HLA-DRA1*01:01-DRB1*12:01	0.182417	6947.01	57.08	netMHCIIpan	15
SDTAVYYCARAPDCADADCHKGAFGYWGQGTLVTVS	2	TAVYYCARAPDCADA	HLA-DRA1*01:01-DRB1*12:01	0.179499	7169.84	58.09	netMHCIIpan	15
SDTAVYYCARAPDCADADCHKGAFGYWGQGTLVTVS	4	VYYCARAPDCADADC	HLA-DRA1*01:01-DRB1*12:01	0.123479	13144.55	77.44	netMHCIIpan	15
SDTAVYYCARAPDCADADCHKGAFGYWGQGTLVTVS	6	YCARAPDCADADCHK	HLA-DRA1*01:01-DRB1*12:01	0.061077	25820.88	95.0	netMHCIIpan	15
SDTAVYYCARAPDCADADCHKGAFGYWGQGTLVTVS	5	YYCARAPDCADADCH	HLA-DRA1*01:01-DRB1*12:01	0.076698	21805.62	91.87	netMHCIIpan	15
SDTAVYYCARAPDCADADCHKGAFGYWGQGTLVTVS	14	ADADCHKGAFGYWGQ	HLA-DRA1*01:01-DRB1*03:01	0.081343	20736.8	91.89	netMHCIIpan	15
SDTAVYYCARAPDCADADCHKGAFGYWGQGTLVTVS	16	ADCHKGAFGYWGQGT	HLA-DRA1*01:01-DRB1*03:01	0.074707	22280.45	93.68	netMHCIIpan	15
SDTAVYYCARAPDCADADCHKGAFGYWGQGTLVTVS	10	APDCADADCHKGAFG	HLA-DRA1*01:01-DRB1*03:01	0.102737	16451.74	85.24	netMHCIIpan	15
SDTAVYYCARAPDCADADCHKGAFGYWGQGTLVTVS	8	ARAPDCADADCHKGA	HLA-DRA1*01:01-DRB1*03:01	0.105042	16046.52	84.43	netMHCIIpan	15
SDTAVYYCARAPDCADADCHKGAFGYWGQGTLVTVS	3	AVYYCARAPDCADAD	HLA-DRA1*01:01-DRB1*03:01	0.164166	8463.67	60.7	netMHCIIpan	15
SDTAVYYCARAPDCADADCHKGAFGYWGQGTLVTVS	13	CADADCHKGAFGYWG	HLA-DRA1*01:01-DRB1*03:01	0.089145	19058.13	89.73	netMHCIIpan	15
SDTAVYYCARAPDCADADCHKGAFGYWGQGTLVTVS	7	CARAPDCADADCHKG	HLA-DRA1*01:01-DRB1*03:01	0.095264	17837.23	87.71	netMHCIIpan	15
SDTAVYYCARAPDCADADCHKGAFGYWGQGTLVTVS	18	CHKGAFGYWGQGTLV	HLA-DRA1*01:01-DRB1*03:01	0.105681	15935.96	84.2	netMHCIIpan	15
SDTAVYYCARAPDCADADCHKGAFGYWGQGTLVTVS	15	DADCHKGAFGYWGQG	HLA-DRA1*01:01-DRB1*03:01	0.070436	23334.22	94.83	netMHCIIpan	15
SDTAVYYCARAPDCADADCHKGAFGYWGQGTLVTVS	12	DCADADCHKGAFGYW	HLA-DRA1*01:01-DRB1*03:01	0.097214	17464.83	87.07	netMHCIIpan	15
SDTAVYYCARAPDCADADCHKGAFGYWGQGTLVTVS	17	DCHKGAFGYWGQGTL	HLA-DRA1*01:01-DRB1*03:01	0.093211	18237.88	88.39	netMHCIIpan	15
SDTAVYYCARAPDCADADCHKGAFGYWGQGTLVTVS	1	DTAVYYCARAPDCAD	HLA-DRA1*01:01-DRB1*03:01	0.177315	7341.29	55.22	netMHCIIpan	15
SDTAVYYCARAPDCADADCHKGAFGYWGQGTLVTVS	21	GAFGYWGQGTLVTVS	HLA-DRA1*01:01-DRB1*03:01	0.142216	10732.51	70.0	netMHCIIpan	15
SDTAVYYCARAPDCADADCHKGAFGYWGQGTLVTVS	19	HKGAFGYWGQGTLVT	HLA-DRA1*01:01-DRB1*03:01	0.12376	13104.65	77.47	netMHCIIpan	15
SDTAVYYCARAPDCADADCHKGAFGYWGQGTLVTVS	20	KGAFGYWGQGTLVTV	HLA-DRA1*01:01-DRB1*03:01	0.140562	10926.31	70.68	netMHCIIpan	15
SDTAVYYCARAPDCADADCHKGAFGYWGQGTLVTVS	11	PDCADADCHKGAFGY	HLA-DRA1*01:01-DRB1*03:01	0.101393	16692.73	85.69	netMHCIIpan	15
SDTAVYYCARAPDCADADCHKGAFGYWGQGTLVTVS	9	RAPDCADADCHKGAF	HLA-DRA1*01:01-DRB1*03:01	0.115929	14263.4	80.48	netMHCIIpan	15
SDTAVYYCARAPDCADADCHKGAFGYWGQGTLVTVS	0	SDTAVYYCARAPDCA	HLA-DRA1*01:01-DRB1*03:01	0.183794	6844.28	52.55	netMHCIIpan	15
SDTAVYYCARAPDCADADCHKGAFGYWGQGTLVTVS	2	TAVYYCARAPDCADA	HLA-DRA1*01:01-DRB1*03:01	0.180284	7109.2	53.99	netMHCIIpan	15
SDTAVYYCARAPDCADADCHKGAFGYWGQGTLVTVS	4	VYYCARAPDCADADC	HLA-DRA1*01:01-DRB1*03:01	0.131544	12046.16	74.4	netMHCIIpan	15
SDTAVYYCARAPDCADADCHKGAFGYWGQGTLVTVS	6	YCARAPDCADADCHK	HLA-DRA1*01:01-DRB1*03:01	0.10156	16662.59	85.63	netMHCIIpan	15
SDTAVYYCARAPDCADADCHKGAFGYWGQGTLVTVS	5	YYCARAPDCADADCH	HLA-DRA1*01:01-DRB1*03:01	0.099397	17057.15	86.35	netMHCIIpan	15
SDTAVYYCARAPDCADADCHKGAFGYWGQGTLVTVS	14	ADADCHKGAFGYWGQ	HLA-DQA1*01:01-DQB1*05:01	0.093893	18103.79	85.57	netMHCIIpan	15
SDTAVYYCARAPDCADADCHKGAFGYWGQGTLVTVS	16	ADCHKGAFGYWGQGT	HLA-DQA1*01:01-DQB1*05:01	0.159597	8892.59	61.44	netMHCIIpan	15
SDTAVYYCARAPDCADADCHKGAFGYWGQGTLVTVS	10	APDCADADCHKGAFG	HLA-DQA1*01:01-DQB1*05:01	0.056518	27126.49	95.0	netMHCIIpan	15
SDTAVYYCARAPDCADADCHKGAFGYWGQGTLVTVS	8	ARAPDCADADCHKGA	HLA-DQA1*01:01-DQB1*05:01	0.073997	22452.27	91.77	netMHCIIpan	15
SDTAVYYCARAPDCADADCHKGAFGYWGQGTLVTVS	3	AVYYCARAPDCADAD	HLA-DQA1*01:01-DQB1*05:01	0.19479	6076.56	48.88	netMHCIIpan	15
SDTAVYYCARAPDCADADCHKGAFGYWGQGTLVTVS	13	CADADCHKGAFGYWG	HLA-DQA1*01:01-DQB1*05:01	0.075143	22175.6	91.45	netMHCIIpan	15
SDTAVYYCARAPDCADADCHKGAFGYWGQGTLVTVS	7	CARAPDCADADCHKG	HLA-DQA1*01:01-DQB1*05:01	0.085815	19757.31	88.23	netMHCIIpan	15
SDTAVYYCARAPDCADADCHKGAFGYWGQGTLVTVS	18	CHKGAFGYWGQGTLV	HLA-DQA1*01:01-DQB1*05:01	0.268201	2746.01	27.26	netMHCIIpan	15
SDTAVYYCARAPDCADADCHKGAFGYWGQGTLVTVS	15	DADCHKGAFGYWGQG	HLA-DQA1*01:01-DQB1*05:01	0.089118	19063.7	87.14	netMHCIIpan	15
SDTAVYYCARAPDCADADCHKGAFGYWGQGTLVTVS	12	DCADADCHKGAFGYW	HLA-DQA1*01:01-DQB1*05:01	0.069866	23478.58	92.91	netMHCIIpan	15
SDTAVYYCARAPDCADADCHKGAFGYWGQGTLVTVS	17	DCHKGAFGYWGQGTL	HLA-DQA1*01:01-DQB1*05:01	0.243537	3585.89	33.8	netMHCIIpan	15
SDTAVYYCARAPDCADADCHKGAFGYWGQGTLVTVS	1	DTAVYYCARAPDCAD	HLA-DQA1*01:01-DQB1*05:01	0.229255	4185.12	37.86	netMHCIIpan	15
SDTAVYYCARAPDCADADCHKGAFGYWGQGTLVTVS	21	GAFGYWGQGTLVTVS	HLA-DQA1*01:01-DQB1*05:01	0.249758	3352.47	32.09	netMHCIIpan	15
SDTAVYYCARAPDCADADCHKGAFGYWGQGTLVTVS	19	HKGAFGYWGQGTLVT	HLA-DQA1*01:01-DQB1*05:01	0.269814	2698.5	26.86	netMHCIIpan	15
SDTAVYYCARAPDCADADCHKGAFGYWGQGTLVTVS	20	KGAFGYWGQGTLVTV	HLA-DQA1*01:01-DQB1*05:01	0.274631	2561.46	25.71	netMHCIIpan	15
SDTAVYYCARAPDCADADCHKGAFGYWGQGTLVTVS	11	PDCADADCHKGAFGY	HLA-DQA1*01:01-DQB1*05:01	0.058453	26564.47	95.0	netMHCIIpan	15
SDTAVYYCARAPDCADADCHKGAFGYWGQGTLVTVS	9	RAPDCADADCHKGAF	HLA-DQA1*01:01-DQB1*05:01	0.069406	23595.72	93.03	netMHCIIpan	15
SDTAVYYCARAPDCADADCHKGAFGYWGQGTLVTVS	0	SDTAVYYCARAPDCA	HLA-DQA1*01:01-DQB1*05:01	0.234037	3974.09	36.49	netMHCIIpan	15
SDTAVYYCARAPDCADADCHKGAFGYWGQGTLVTVS	2	TAVYYCARAPDCADA	HLA-DQA1*01:01-DQB1*05:01	0.216136	4823.4	41.9	netMHCIIpan	15
SDTAVYYCARAPDCADADCHKGAFGYWGQGTLVTVS	4	VYYCARAPDCADADC	HLA-DQA1*01:01-DQB1*05:01	0.15016	9848.56	64.93	netMHCIIpan	15
SDTAVYYCARAPDCADADCHKGAFGYWGQGTLVTVS	6	YCARAPDCADADCHK	HLA-DQA1*01:01-DQB1*05:01	0.106969	15715.42	80.96	netMHCIIpan	15
SDTAVYYCARAPDCADADCHKGAFGYWGQGTLVTVS	5	YYCARAPDCADADCH	HLA-DQA1*01:01-DQB1*05:01	0.12447	13004.37	74.58	netMHCIIpan	15
SDTAVYYCARAPDCADADCHKGAFGYWGQGTLVTVS	14	ADADCHKGAFGYWGQ	HLA-DRA1*01:01-DRB1*01:01	0.232558	4038.19	75.24	netMHCIIpan	15
SDTAVYYCARAPDCADADCHKGAFGYWGQGTLVTVS	16	ADCHKGAFGYWGQGT	HLA-DRA1*01:01-DRB1*01:01	0.240045	3723.97	73.61	netMHCIIpan	15
SDTAVYYCARAPDCADADCHKGAFGYWGQGTLVTVS	10	APDCADADCHKGAFG	HLA-DRA1*01:01-DRB1*01:01	0.134549	11660.8	93.54	netMHCIIpan	15
SDTAVYYCARAPDCADADCHKGAFGYWGQGTLVTVS	8	ARAPDCADADCHKGA	HLA-DRA1*01:01-DRB1*01:01	0.121518	13426.43	95.0	netMHCIIpan	15
SDTAVYYCARAPDCADADCHKGAFGYWGQGTLVTVS	3	AVYYCARAPDCADAD	HLA-DRA1*01:01-DRB1*01:01	0.553045	125.96	14.22	netMHCIIpan	15
SDTAVYYCARAPDCADADCHKGAFGYWGQGTLVTVS	13	CADADCHKGAFGYWG	HLA-DRA1*01:01-DRB1*01:01	0.219581	4646.92	78.04	netMHCIIpan	15
SDTAVYYCARAPDCADADCHKGAFGYWGQGTLVTVS	7	CARAPDCADADCHKG	HLA-DRA1*01:01-DRB1*01:01	0.120317	13602.04	95.0	netMHCIIpan	15
SDTAVYYCARAPDCADADCHKGAFGYWGQGTLVTVS	18	CHKGAFGYWGQGTLV	HLA-DRA1*01:01-DRB1*01:01	0.35887	1029.56	47.59	netMHCIIpan	15
SDTAVYYCARAPDCADADCHKGAFGYWGQGTLVTVS	15	DADCHKGAFGYWGQG	HLA-DRA1*01:01-DRB1*01:01	0.227648	4258.52	76.3	netMHCIIpan	15
SDTAVYYCARAPDCADADCHKGAFGYWGQGTLVTVS	12	DCADADCHKGAFGYW	HLA-DRA1*01:01-DRB1*01:01	0.193748	6145.45	83.37	netMHCIIpan	15
SDTAVYYCARAPDCADADCHKGAFGYWGQGTLVTVS	17	DCHKGAFGYWGQGTL	HLA-DRA1*01:01-DRB1*01:01	0.270695	2672.9	66.86	netMHCIIpan	15
SDTAVYYCARAPDCADADCHKGAFGYWGQGTLVTVS	1	DTAVYYCARAPDCAD	HLA-DRA1*01:01-DRB1*01:01	0.551322	128.33	14.43	netMHCIIpan	15
SDTAVYYCARAPDCADADCHKGAFGYWGQGTLVTVS	21	GAFGYWGQGTLVTVS	HLA-DRA1*01:01-DRB1*01:01	0.575612	98.67	11.6	netMHCIIpan	15
SDTAVYYCARAPDCADADCHKGAFGYWGQGTLVTVS	19	HKGAFGYWGQGTLVT	HLA-DRA1*01:01-DRB1*01:01	0.461165	340.38	27.6	netMHCIIpan	15
SDTAVYYCARAPDCADADCHKGAFGYWGQGTLVTVS	20	KGAFGYWGQGTLVTV	HLA-DRA1*01:01-DRB1*01:01	0.542006	141.94	15.58	netMHCIIpan	15
SDTAVYYCARAPDCADADCHKGAFGYWGQGTLVTVS	11	PDCADADCHKGAFGY	HLA-DRA1*01:01-DRB1*01:01	0.153412	9508.05	90.7	netMHCIIpan	15
SDTAVYYCARAPDCADADCHKGAFGYWGQGTLVTVS	9	RAPDCADADCHKGAF	HLA-DRA1*01:01-DRB1*01:01	0.130722	12153.78	94.12	netMHCIIpan	15
SDTAVYYCARAPDCADADCHKGAFGYWGQGTLVTVS	0	SDTAVYYCARAPDCA	HLA-DRA1*01:01-DRB1*01:01	0.558706	118.48	13.51	netMHCIIpan	15
SDTAVYYCARAPDCADADCHKGAFGYWGQGTLVTVS	2	TAVYYCARAPDCADA	HLA-DRA1*01:01-DRB1*01:01	0.583971	90.14	10.73	netMHCIIpan	15
SDTAVYYCARAPDCADADCHKGAFGYWGQGTLVTVS	4	VYYCARAPDCADADC	HLA-DRA1*01:01-DRB1*01:01	0.488034	254.51	23.18	netMHCIIpan	15
SDTAVYYCARAPDCADADCHKGAFGYWGQGTLVTVS	6	YCARAPDCADADCHK	HLA-DRA1*01:01-DRB1*01:01	0.150985	9761.04	91.07	netMHCIIpan	15
SDTAVYYCARAPDCADADCHKGAFGYWGQGTLVTVS	5	YYCARAPDCADADCH	HLA-DRA1*01:01-DRB1*01:01	0.321213	1547.39	55.76	netMHCIIpan	15
SDTAVYYCARAPDCADADCHKGAFGYWGQGTLVTVS	14	ADADCHKGAFGYWGQ	HLA-DRA1*01:01-DRB4*01:01	0.128371	12466.9	90.01	netMHCIIpan	15
SDTAVYYCARAPDCADADCHKGAFGYWGQGTLVTVS	16	ADCHKGAFGYWGQGT	HLA-DRA1*01:01-DRB4*01:01	0.132844	11877.91	89.06	netMHCIIpan	15
SDTAVYYCARAPDCADADCHKGAFGYWGQGTLVTVS	10	APDCADADCHKGAFG	HLA-DRA1*01:01-DRB4*01:01	0.094026	18077.76	95.0	netMHCIIpan	15
SDTAVYYCARAPDCADADCHKGAFGYWGQGTLVTVS	8	ARAPDCADADCHKGA	HLA-DRA1*01:01-DRB4*01:01	0.097632	17386.02	95.0	netMHCIIpan	15
SDTAVYYCARAPDCADADCHKGAFGYWGQGTLVTVS	3	AVYYCARAPDCADAD	HLA-DRA1*01:01-DRB4*01:01	0.255381	3154.59	56.08	netMHCIIpan	15
SDTAVYYCARAPDCADADCHKGAFGYWGQGTLVTVS	13	CADADCHKGAFGYWG	HLA-DRA1*01:01-DRB4*01:01	0.122214	13325.7	91.14	netMHCIIpan	15
SDTAVYYCARAPDCADADCHKGAFGYWGQGTLVTVS	7	CARAPDCADADCHKG	HLA-DRA1*01:01-DRB4*01:01	0.094676	17951.07	95.0	netMHCIIpan	15
SDTAVYYCARAPDCADADCHKGAFGYWGQGTLVTVS	18	CHKGAFGYWGQGTLV	HLA-DRA1*01:01-DRB4*01:01	0.188719	6489.11	75.51	netMHCIIpan	15
SDTAVYYCARAPDCADADCHKGAFGYWGQGTLVTVS	15	DADCHKGAFGYWGQG	HLA-DRA1*01:01-DRB4*01:01	0.125123	12912.81	90.61	netMHCIIpan	15
SDTAVYYCARAPDCADADCHKGAFGYWGQGTLVTVS	12	DCADADCHKGAFGYW	HLA-DRA1*01:01-DRB4*01:01	0.116151	14229.18	92.25	netMHCIIpan	15
SDTAVYYCARAPDCADADCHKGAFGYWGQGTLVTVS	17	DCHKGAFGYWGQGTL	HLA-DRA1*01:01-DRB4*01:01	0.164821	8403.9	81.76	netMHCIIpan	15
SDTAVYYCARAPDCADADCHKGAFGYWGQGTLVTVS	1	DTAVYYCARAPDCAD	HLA-DRA1*01:01-DRB4*01:01	0.262238	2929.01	54.04	netMHCIIpan	15
SDTAVYYCARAPDCADADCHKGAFGYWGQGTLVTVS	21	GAFGYWGQGTLVTVS	HLA-DRA1*01:01-DRB4*01:01	0.303537	1873.52	42.14	netMHCIIpan	15
SDTAVYYCARAPDCADADCHKGAFGYWGQGTLVTVS	19	HKGAFGYWGQGTLVT	HLA-DRA1*01:01-DRB4*01:01	0.252106	3268.37	57.06	netMHCIIpan	15
SDTAVYYCARAPDCADADCHKGAFGYWGQGTLVTVS	20	KGAFGYWGQGTLVTV	HLA-DRA1*01:01-DRB4*01:01	0.289317	2185.13	46.08	netMHCIIpan	15
SDTAVYYCARAPDCADADCHKGAFGYWGQGTLVTVS	11	PDCADADCHKGAFGY	HLA-DRA1*01:01-DRB4*01:01	0.102332	16523.99	94.78	netMHCIIpan	15
SDTAVYYCARAPDCADADCHKGAFGYWGQGTLVTVS	9	RAPDCADADCHKGAF	HLA-DRA1*01:01-DRB4*01:01	0.100756	16808.18	95.0	netMHCIIpan	15
SDTAVYYCARAPDCADADCHKGAFGYWGQGTLVTVS	0	SDTAVYYCARAPDCA	HLA-DRA1*01:01-DRB4*01:01	0.269236	2715.43	51.98	netMHCIIpan	15
SDTAVYYCARAPDCADADCHKGAFGYWGQGTLVTVS	2	TAVYYCARAPDCADA	HLA-DRA1*01:01-DRB4*01:01	0.27889	2446.1	49.13	netMHCIIpan	15
SDTAVYYCARAPDCADADCHKGAFGYWGQGTLVTVS	4	VYYCARAPDCADADC	HLA-DRA1*01:01-DRB4*01:01	0.229626	4168.35	63.74	netMHCIIpan	15
SDTAVYYCARAPDCADADCHKGAFGYWGQGTLVTVS	6	YCARAPDCADADCHK	HLA-DRA1*01:01-DRB4*01:01	0.121125	13483.64	91.34	netMHCIIpan	15
SDTAVYYCARAPDCADADCHKGAFGYWGQGTLVTVS	5	YYCARAPDCADADCH	HLA-DRA1*01:01-DRB4*01:01	0.17634	7419.14	78.82	netMHCIIpan	15
SDTAVYYCARAPDCADADCHKGAFGYWGQGTLVTVS	14	ADADCHKGAFGYWGQ	HLA-DQA1*05:01-DQB1*02:01	0.113888	14581.89	90.95	netMHCIIpan	15
SDTAVYYCARAPDCADADCHKGAFGYWGQGTLVTVS	16	ADCHKGAFGYWGQGT	HLA-DQA1*05:01-DQB1*02:01	0.130981	12119.77	86.9	netMHCIIpan	15
SDTAVYYCARAPDCADADCHKGAFGYWGQGTLVTVS	10	APDCADADCHKGAFG	HLA-DQA1*05:01-DQB1*02:01	0.097674	17378.12	94.16	netMHCIIpan	15
SDTAVYYCARAPDCADADCHKGAFGYWGQGTLVTVS	8	ARAPDCADADCHKGA	HLA-DQA1*05:01-DQB1*02:01	0.131891	12001.02	86.67	netMHCIIpan	15
SDTAVYYCARAPDCADADCHKGAFGYWGQGTLVTVS	3	AVYYCARAPDCADAD	HLA-DQA1*05:01-DQB1*02:01	0.242613	3621.92	49.8	netMHCIIpan	15
SDTAVYYCARAPDCADADCHKGAFGYWGQGTLVTVS	13	CADADCHKGAFGYWG	HLA-DQA1*05:01-DQB1*02:01	0.107585	15611.02	92.2	netMHCIIpan	15
SDTAVYYCARAPDCADADCHKGAFGYWGQGTLVTVS	7	CARAPDCADADCHKG	HLA-DQA1*05:01-DQB1*02:01	0.133697	11768.79	86.22	netMHCIIpan	15
SDTAVYYCARAPDCADADCHKGAFGYWGQGTLVTVS	18	CHKGAFGYWGQGTLV	HLA-DQA1*05:01-DQB1*02:01	0.210923	5103.28	61.28	netMHCIIpan	15
SDTAVYYCARAPDCADADCHKGAFGYWGQGTLVTVS	15	DADCHKGAFGYWGQG	HLA-DQA1*05:01-DQB1*02:01	0.107675	15595.83	92.18	netMHCIIpan	15
SDTAVYYCARAPDCADADCHKGAFGYWGQGTLVTVS	12	DCADADCHKGAFGYW	HLA-DQA1*05:01-DQB1*02:01	0.097243	17459.35	94.24	netMHCIIpan	15
SDTAVYYCARAPDCADADCHKGAFGYWGQGTLVTVS	17	DCHKGAFGYWGQGTL	HLA-DQA1*05:01-DQB1*02:01	0.189651	6424.0	68.84	netMHCIIpan	15
SDTAVYYCARAPDCADADCHKGAFGYWGQGTLVTVS	1	DTAVYYCARAPDCAD	HLA-DQA1*05:01-DQB1*02:01	0.250384	3329.84	47.01	netMHCIIpan	15
SDTAVYYCARAPDCADADCHKGAFGYWGQGTLVTVS	21	GAFGYWGQGTLVTVS	HLA-DQA1*05:01-DQB1*02:01	0.291652	2130.62	32.64	netMHCIIpan	15
SDTAVYYCARAPDCADADCHKGAFGYWGQGTLVTVS	19	HKGAFGYWGQGTLVT	HLA-DQA1*05:01-DQB1*02:01	0.253567	3217.11	45.9	netMHCIIpan	15
SDTAVYYCARAPDCADADCHKGAFGYWGQGTLVTVS	20	KGAFGYWGQGTLVTV	HLA-DQA1*05:01-DQB1*02:01	0.29495	2055.93	31.61	netMHCIIpan	15
SDTAVYYCARAPDCADADCHKGAFGYWGQGTLVTVS	11	PDCADADCHKGAFGY	HLA-DQA1*05:01-DQB1*02:01	0.093045	18270.66	95.0	netMHCIIpan	15
SDTAVYYCARAPDCADADCHKGAFGYWGQGTLVTVS	9	RAPDCADADCHKGAF	HLA-DQA1*05:01-DQB1*02:01	0.118611	13855.44	90.01	netMHCIIpan	15
SDTAVYYCARAPDCADADCHKGAFGYWGQGTLVTVS	0	SDTAVYYCARAPDCA	HLA-DQA1*05:01-DQB1*02:01	0.240014	3725.22	50.74	netMHCIIpan	15
SDTAVYYCARAPDCADADCHKGAFGYWGQGTLVTVS	2	TAVYYCARAPDCADA	HLA-DQA1*05:01-DQB1*02:01	0.242587	3622.94	49.81	netMHCIIpan	15
SDTAVYYCARAPDCADADCHKGAFGYWGQGTLVTVS	4	VYYCARAPDCADADC	HLA-DQA1*05:01-DQB1*02:01	0.215729	4844.69	59.54	netMHCIIpan	15
SDTAVYYCARAPDCADADCHKGAFGYWGQGTLVTVS	6	YCARAPDCADADCHK	HLA-DQA1*05:01-DQB1*02:01	0.157182	9128.02	79.6	netMHCIIpan	15
SDTAVYYCARAPDCADADCHKGAFGYWGQGTLVTVS	5	YYCARAPDCADADCH	HLA-DQA1*05:01-DQB1*02:01	0.182826	6916.34	71.19	netMHCIIpan	15
SDTAVYYCARAPDCADADCHKGAFGYWGQGTLVTVS	14	ADADCHKGAFGYWGQ	HLA-DRA1*01:01-DRB1*04:01	0.127862	12535.75	89.61	netMHCIIpan	15
SDTAVYYCARAPDCADADCHKGAFGYWGQGTLVTVS	16	ADCHKGAFGYWGQGT	HLA-DRA1*01:01-DRB1*04:01	0.134255	11697.95	88.08	netMHCIIpan	15
SDTAVYYCARAPDCADADCHKGAFGYWGQGTLVTVS	10	APDCADADCHKGAFG	HLA-DRA1*01:01-DRB1*04:01	0.096703	17561.66	95.0	netMHCIIpan	15
SDTAVYYCARAPDCADADCHKGAFGYWGQGTLVTVS	8	ARAPDCADADCHKGA	HLA-DRA1*01:01-DRB1*04:01	0.0988	17167.69	95.0	netMHCIIpan	15
SDTAVYYCARAPDCADADCHKGAFGYWGQGTLVTVS	3	AVYYCARAPDCADAD	HLA-DRA1*01:01-DRB1*04:01	0.341825	1238.07	27.45	netMHCIIpan	15
SDTAVYYCARAPDCADADCHKGAFGYWGQGTLVTVS	13	CADADCHKGAFGYWG	HLA-DRA1*01:01-DRB1*04:01	0.114928	14418.72	92.22	netMHCIIpan	15
SDTAVYYCARAPDCADADCHKGAFGYWGQGTLVTVS	7	CARAPDCADADCHKG	HLA-DRA1*01:01-DRB1*04:01	0.095212	17847.27	95.0	netMHCIIpan	15
SDTAVYYCARAPDCADADCHKGAFGYWGQGTLVTVS	18	CHKGAFGYWGQGTLV	HLA-DRA1*01:01-DRB1*04:01	0.180954	7057.85	75.74	netMHCIIpan	15
SDTAVYYCARAPDCADADCHKGAFGYWGQGTLVTVS	15	DADCHKGAFGYWGQG	HLA-DRA1*01:01-DRB1*04:01	0.125318	12885.6	90.18	netMHCIIpan	15
SDTAVYYCARAPDCADADCHKGAFGYWGQGTLVTVS	12	DCADADCHKGAFGYW	HLA-DRA1*01:01-DRB1*04:01	0.10555	15958.56	94.07	netMHCIIpan	15
SDTAVYYCARAPDCADADCHKGAFGYWGQGTLVTVS	17	DCHKGAFGYWGQGTL	HLA-DRA1*01:01-DRB1*04:01	0.145947	10307.88	85.29	netMHCIIpan	15
SDTAVYYCARAPDCADADCHKGAFGYWGQGTLVTVS	1	DTAVYYCARAPDCAD	HLA-DRA1*01:01-DRB1*04:01	0.345176	1193.98	26.62	netMHCIIpan	15
SDTAVYYCARAPDCADADCHKGAFGYWGQGTLVTVS	21	GAFGYWGQGTLVTVS	HLA-DRA1*01:01-DRB1*04:01	0.49886	226.38	4.74	netMHCIIpan	15
SDTAVYYCARAPDCADADCHKGAFGYWGQGTLVTVS	19	HKGAFGYWGQGTLVT	HLA-DRA1*01:01-DRB1*04:01	0.376033	855.07	19.78	netMHCIIpan	15
SDTAVYYCARAPDCADADCHKGAFGYWGQGTLVTVS	20	KGAFGYWGQGTLVTV	HLA-DRA1*01:01-DRB1*04:01	0.461224	340.17	7.64	netMHCIIpan	15
SDTAVYYCARAPDCADADCHKGAFGYWGQGTLVTVS	11	PDCADADCHKGAFGY	HLA-DRA1*01:01-DRB1*04:01	0.094386	18007.48	95.0	netMHCIIpan	15
SDTAVYYCARAPDCADADCHKGAFGYWGQGTLVTVS	9	RAPDCADADCHKGAF	HLA-DRA1*01:01-DRB1*04:01	0.107338	15652.8	93.72	netMHCIIpan	15
SDTAVYYCARAPDCADADCHKGAFGYWGQGTLVTVS	0	SDTAVYYCARAPDCA	HLA-DRA1*01:01-DRB1*04:01	0.34608	1182.36	26.39	netMHCIIpan	15
SDTAVYYCARAPDCADADCHKGAFGYWGQGTLVTVS	2	TAVYYCARAPDCADA	HLA-DRA1*01:01-DRB1*04:01	0.366428	948.72	21.8	netMHCIIpan	15
SDTAVYYCARAPDCADADCHKGAFGYWGQGTLVTVS	4	VYYCARAPDCADADC	HLA-DRA1*01:01-DRB1*04:01	0.302272	1899.34	38.0	netMHCIIpan	15
SDTAVYYCARAPDCADADCHKGAFGYWGQGTLVTVS	6	YCARAPDCADADCHK	HLA-DRA1*01:01-DRB1*04:01	0.118336	13896.73	91.55	netMHCIIpan	15
SDTAVYYCARAPDCADADCHKGAFGYWGQGTLVTVS	5	YYCARAPDCADADCH	HLA-DRA1*01:01-DRB1*04:01	0.212298	5027.92	66.12	netMHCIIpan	15
SDTAVYYCARAPDCADADCHKGAFGYWGQGTLVTVS	14	ADADCHKGAFGYWGQ	HLA-DRA1*01:01-DRB1*13:02	0.109042	15366.85	90.5	netMHCIIpan	15
SDTAVYYCARAPDCADADCHKGAFGYWGQGTLVTVS	16	ADCHKGAFGYWGQGT	HLA-DRA1*01:01-DRB1*13:02	0.111237	15006.2	90.07	netMHCIIpan	15
SDTAVYYCARAPDCADADCHKGAFGYWGQGTLVTVS	10	APDCADADCHKGAFG	HLA-DRA1*01:01-DRB1*13:02	0.077389	21643.2	95.0	netMHCIIpan	15
SDTAVYYCARAPDCADADCHKGAFGYWGQGTLVTVS	8	ARAPDCADADCHKGA	HLA-DRA1*01:01-DRB1*13:02	0.077721	21565.59	95.0	netMHCIIpan	15
SDTAVYYCARAPDCADADCHKGAFGYWGQGTLVTVS	3	AVYYCARAPDCADAD	HLA-DRA1*01:01-DRB1*13:02	0.210923	5103.28	63.73	netMHCIIpan	15
SDTAVYYCARAPDCADADCHKGAFGYWGQGTLVTVS	13	CADADCHKGAFGYWG	HLA-DRA1*01:01-DRB1*13:02	0.105641	15942.86	91.15	netMHCIIpan	15
SDTAVYYCARAPDCADADCHKGAFGYWGQGTLVTVS	7	CARAPDCADADCHKG	HLA-DRA1*01:01-DRB1*13:02	0.072723	22763.91	95.0	netMHCIIpan	15
SDTAVYYCARAPDCADADCHKGAFGYWGQGTLVTVS	18	CHKGAFGYWGQGTLV	HLA-DRA1*01:01-DRB1*13:02	0.193047	6192.24	68.93	netMHCIIpan	15
SDTAVYYCARAPDCADADCHKGAFGYWGQGTLVTVS	15	DADCHKGAFGYWGQG	HLA-DRA1*01:01-DRB1*13:02	0.100537	16848.05	92.14	netMHCIIpan	15
SDTAVYYCARAPDCADADCHKGAFGYWGQGTLVTVS	12	DCADADCHKGAFGYW	HLA-DRA1*01:01-DRB1*13:02	0.103164	16375.91	91.63	netMHCIIpan	15
SDTAVYYCARAPDCADADCHKGAFGYWGQGTLVTVS	17	DCHKGAFGYWGQGTL	HLA-DRA1*01:01-DRB1*13:02	0.14236	10715.8	82.79	netMHCIIpan	15
SDTAVYYCARAPDCADADCHKGAFGYWGQGTLVTVS	1	DTAVYYCARAPDCAD	HLA-DRA1*01:01-DRB1*13:02	0.226427	4315.15	59.23	netMHCIIpan	15
SDTAVYYCARAPDCADADCHKGAFGYWGQGTLVTVS	21	GAFGYWGQGTLVTVS	HLA-DRA1*01:01-DRB1*13:02	0.289038	2191.74	41.77	netMHCIIpan	15
SDTAVYYCARAPDCADADCHKGAFGYWGQGTLVTVS	19	HKGAFGYWGQGTLVT	HLA-DRA1*01:01-DRB1*13:02	0.237372	3833.24	56.1	netMHCIIpan	15
SDTAVYYCARAPDCADADCHKGAFGYWGQGTLVTVS	20	KGAFGYWGQGTLVTV	HLA-DRA1*01:01-DRB1*13:02	0.284685	2297.44	42.9	netMHCIIpan	15
SDTAVYYCARAPDCADADCHKGAFGYWGQGTLVTVS	11	PDCADADCHKGAFGY	HLA-DRA1*01:01-DRB1*13:02	0.087858	19325.37	94.58	netMHCIIpan	15
SDTAVYYCARAPDCADADCHKGAFGYWGQGTLVTVS	9	RAPDCADADCHKGAF	HLA-DRA1*01:01-DRB1*13:02	0.084224	20100.37	95.0	netMHCIIpan	15
SDTAVYYCARAPDCADADCHKGAFGYWGQGTLVTVS	0	SDTAVYYCARAPDCA	HLA-DRA1*01:01-DRB1*13:02	0.242806	3614.36	54.55	netMHCIIpan	15
SDTAVYYCARAPDCADADCHKGAFGYWGQGTLVTVS	2	TAVYYCARAPDCADA	HLA-DRA1*01:01-DRB1*13:02	0.237493	3828.23	56.07	netMHCIIpan	15
SDTAVYYCARAPDCADADCHKGAFGYWGQGTLVTVS	4	VYYCARAPDCADADC	HLA-DRA1*01:01-DRB1*13:02	0.162957	8575.11	77.4	netMHCIIpan	15
SDTAVYYCARAPDCADADCHKGAFGYWGQGTLVTVS	6	YCARAPDCADADCHK	HLA-DRA1*01:01-DRB1*13:02	0.084114	20124.3	95.0	netMHCIIpan	15
SDTAVYYCARAPDCADADCHKGAFGYWGQGTLVTVS	5	YYCARAPDCADADCH	HLA-DRA1*01:01-DRB1*13:02	0.106838	15737.71	90.92	netMHCIIpan	15
SDTAVYYCARAPDCADADCHKGAFGYWGQGTLVTVS	14	ADADCHKGAFGYWGQ	HLA-DQA1*03:01-DQB1*03:02	0.114664	14459.97	90.56	netMHCIIpan	15
SDTAVYYCARAPDCADADCHKGAFGYWGQGTLVTVS	16	ADCHKGAFGYWGQGT	HLA-DQA1*03:01-DQB1*03:02	0.136424	11426.62	84.18	netMHCIIpan	15
SDTAVYYCARAPDCADADCHKGAFGYWGQGTLVTVS	10	APDCADADCHKGAFG	HLA-DQA1*03:01-DQB1*03:02	0.094311	18022.1	95.0	netMHCIIpan	15
SDTAVYYCARAPDCADADCHKGAFGYWGQGTLVTVS	8	ARAPDCADADCHKGA	HLA-DQA1*03:01-DQB1*03:02	0.12925	12348.9	86.43	netMHCIIpan	15
SDTAVYYCARAPDCADADCHKGAFGYWGQGTLVTVS	3	AVYYCARAPDCADAD	HLA-DQA1*03:01-DQB1*03:02	0.229965	4153.09	43.39	netMHCIIpan	15
SDTAVYYCARAPDCADADCHKGAFGYWGQGTLVTVS	13	CADADCHKGAFGYWG	HLA-DQA1*03:01-DQB1*03:02	0.105373	15989.15	92.67	netMHCIIpan	15
SDTAVYYCARAPDCADADCHKGAFGYWGQGTLVTVS	7	CARAPDCADADCHKG	HLA-DQA1*03:01-DQB1*03:02	0.133026	11854.54	85.31	netMHCIIpan	15
SDTAVYYCARAPDCADADCHKGAFGYWGQGTLVTVS	18	CHKGAFGYWGQGTLV	HLA-DQA1*03:01-DQB1*03:02	0.177092	7359.02	68.08	netMHCIIpan	15
SDTAVYYCARAPDCADADCHKGAFGYWGQGTLVTVS	15	DADCHKGAFGYWGQG	HLA-DQA1*03:01-DQB1*03:02	0.11006	15198.52	91.61	netMHCIIpan	15
SDTAVYYCARAPDCADADCHKGAFGYWGQGTLVTVS	12	DCADADCHKGAFGYW	HLA-DQA1*03:01-DQB1*03:02	0.099383	17059.73	94.03	netMHCIIpan	15
SDTAVYYCARAPDCADADCHKGAFGYWGQGTLVTVS	17	DCHKGAFGYWGQGTL	HLA-DQA1*03:01-DQB1*03:02	0.167624	8152.86	72.17	netMHCIIpan	15
SDTAVYYCARAPDCADADCHKGAFGYWGQGTLVTVS	1	DTAVYYCARAPDCAD	HLA-DQA1*03:01-DQB1*03:02	0.235435	3914.43	40.86	netMHCIIpan	15
SDTAVYYCARAPDCADADCHKGAFGYWGQGTLVTVS	21	GAFGYWGQGTLVTVS	HLA-DQA1*03:01-DQB1*03:02	0.248455	3400.07	34.93	netMHCIIpan	15
SDTAVYYCARAPDCADADCHKGAFGYWGQGTLVTVS	19	HKGAFGYWGQGTLVT	HLA-DQA1*03:01-DQB1*03:02	0.205367	5419.47	55.13	netMHCIIpan	15
SDTAVYYCARAPDCADADCHKGAFGYWGQGTLVTVS	20	KGAFGYWGQGTLVTV	HLA-DQA1*03:01-DQB1*03:02	0.235967	3891.96	40.62	netMHCIIpan	15
SDTAVYYCARAPDCADADCHKGAFGYWGQGTLVTVS	11	PDCADADCHKGAFGY	HLA-DQA1*03:01-DQB1*03:02	0.094316	18021.13	95.0	netMHCIIpan	15
SDTAVYYCARAPDCADADCHKGAFGYWGQGTLVTVS	9	RAPDCADADCHKGAF	HLA-DQA1*03:01-DQB1*03:02	0.112611	14784.76	91.03	netMHCIIpan	15
SDTAVYYCARAPDCADADCHKGAFGYWGQGTLVTVS	0	SDTAVYYCARAPDCA	HLA-DQA1*03:01-DQB1*03:02	0.226214	4325.11	45.19	netMHCIIpan	15
SDTAVYYCARAPDCADADCHKGAFGYWGQGTLVTVS	2	TAVYYCARAPDCADA	HLA-DQA1*03:01-DQB1*03:02	0.227903	4246.79	44.38	netMHCIIpan	15
SDTAVYYCARAPDCADADCHKGAFGYWGQGTLVTVS	4	VYYCARAPDCADADC	HLA-DQA1*03:01-DQB1*03:02	0.200296	5725.13	57.56	netMHCIIpan	15
SDTAVYYCARAPDCADADCHKGAFGYWGQGTLVTVS	6	YCARAPDCADADCHK	HLA-DQA1*03:01-DQB1*03:02	0.157976	9049.94	76.17	netMHCIIpan	15
SDTAVYYCARAPDCADADCHKGAFGYWGQGTLVTVS	5	YYCARAPDCADADCH	HLA-DQA1*03:01-DQB1*03:02	0.180046	7127.53	66.77	netMHCIIpan	15
SDTAVYYCARAPDCADADCHKGAFGYWGQGTLVTVS	14	ADADCHKGAFGYWGQ	HLA-DRA1*01:01-DRB1*15:01	0.160433	8812.52	75.19	netMHCIIpan	15
SDTAVYYCARAPDCADADCHKGAFGYWGQGTLVTVS	16	ADCHKGAFGYWGQGT	HLA-DRA1*01:01-DRB1*15:01	0.215389	4862.54	59.92	netMHCIIpan	15
SDTAVYYCARAPDCADADCHKGAFGYWGQGTLVTVS	10	APDCADADCHKGAFG	HLA-DRA1*01:01-DRB1*15:01	0.073582	22553.32	95.0	netMHCIIpan	15
SDTAVYYCARAPDCADADCHKGAFGYWGQGTLVTVS	8	ARAPDCADADCHKGA	HLA-DRA1*01:01-DRB1*15:01	0.064142	24978.63	95.0	netMHCIIpan	15
SDTAVYYCARAPDCADADCHKGAFGYWGQGTLVTVS	3	AVYYCARAPDCADAD	HLA-DRA1*01:01-DRB1*15:01	0.240826	3692.63	53.12	netMHCIIpan	15
SDTAVYYCARAPDCADADCHKGAFGYWGQGTLVTVS	13	CADADCHKGAFGYWG	HLA-DRA1*01:01-DRB1*15:01	0.142619	10685.81	80.05	netMHCIIpan	15
SDTAVYYCARAPDCADADCHKGAFGYWGQGTLVTVS	7	CARAPDCADADCHKG	HLA-DRA1*01:01-DRB1*15:01	0.06703	24210.18	95.0	netMHCIIpan	15
SDTAVYYCARAPDCADADCHKGAFGYWGQGTLVTVS	18	CHKGAFGYWGQGTLV	HLA-DRA1*01:01-DRB1*15:01	0.364205	971.81	25.25	netMHCIIpan	15
SDTAVYYCARAPDCADADCHKGAFGYWGQGTLVTVS	15	DADCHKGAFGYWGQG	HLA-DRA1*01:01-DRB1*15:01	0.156716	9174.16	76.21	netMHCIIpan	15
SDTAVYYCARAPDCADADCHKGAFGYWGQGTLVTVS	12	DCADADCHKGAFGYW	HLA-DRA1*01:01-DRB1*15:01	0.12965	12295.57	83.46	netMHCIIpan	15
SDTAVYYCARAPDCADADCHKGAFGYWGQGTLVTVS	17	DCHKGAFGYWGQGTL	HLA-DRA1*01:01-DRB1*15:01	0.305007	1843.96	37.52	netMHCIIpan	15
SDTAVYYCARAPDCADADCHKGAFGYWGQGTLVTVS	1	DTAVYYCARAPDCAD	HLA-DRA1*01:01-DRB1*15:01	0.302914	1886.19	37.99	netMHCIIpan	15
SDTAVYYCARAPDCADADCHKGAFGYWGQGTLVTVS	21	GAFGYWGQGTLVTVS	HLA-DRA1*01:01-DRB1*15:01	0.344959	1196.79	29.01	netMHCIIpan	15
SDTAVYYCARAPDCADADCHKGAFGYWGQGTLVTVS	19	HKGAFGYWGQGTLVT	HLA-DRA1*01:01-DRB1*15:01	0.37982	820.74	22.5	netMHCIIpan	15
SDTAVYYCARAPDCADADCHKGAFGYWGQGTLVTVS	20	KGAFGYWGQGTLVTV	HLA-DRA1*01:01-DRB1*15:01	0.392326	716.87	20.43	netMHCIIpan	15
SDTAVYYCARAPDCADADCHKGAFGYWGQGTLVTVS	11	PDCADADCHKGAFGY	HLA-DRA1*01:01-DRB1*15:01	0.088725	19144.93	93.17	netMHCIIpan	15
SDTAVYYCARAPDCADADCHKGAFGYWGQGTLVTVS	9	RAPDCADADCHKGAF	HLA-DRA1*01:01-DRB1*15:01	0.073088	22674.18	95.0	netMHCIIpan	15
SDTAVYYCARAPDCADADCHKGAFGYWGQGTLVTVS	0	SDTAVYYCARAPDCA	HLA-DRA1*01:01-DRB1*15:01	0.326441	1462.29	32.77	netMHCIIpan	15
SDTAVYYCARAPDCADADCHKGAFGYWGQGTLVTVS	2	TAVYYCARAPDCADA	HLA-DRA1*01:01-DRB1*15:01	0.293991	2077.38	40.0	netMHCIIpan	15
SDTAVYYCARAPDCADADCHKGAFGYWGQGTLVTVS	4	VYYCARAPDCADADC	HLA-DRA1*01:01-DRB1*15:01	0.18518	6742.4	68.31	netMHCIIpan	15
SDTAVYYCARAPDCADADCHKGAFGYWGQGTLVTVS	6	YCARAPDCADADCHK	HLA-DRA1*01:01-DRB1*15:01	0.080409	20947.42	94.95	netMHCIIpan	15
SDTAVYYCARAPDCADADCHKGAFGYWGQGTLVTVS	5	YYCARAPDCADADCH	HLA-DRA1*01:01-DRB1*15:01	0.121847	13378.72	85.48	netMHCIIpan	15
SDTAVYYCARAPDCADADCHKGAFGYWGQGTLVTVS	14	ADADCHKGAFGYWGQ	HLA-DQA1*04:01-DQB1*04:02	0.13336	11811.78	87.84	netMHCIIpan	15
SDTAVYYCARAPDCADADCHKGAFGYWGQGTLVTVS	16	ADCHKGAFGYWGQGT	HLA-DQA1*04:01-DQB1*04:02	0.155817	9263.83	80.6	netMHCIIpan	15
SDTAVYYCARAPDCADADCHKGAFGYWGQGTLVTVS	10	APDCADADCHKGAFG	HLA-DQA1*04:01-DQB1*04:02	0.100387	16875.42	95.0	netMHCIIpan	15
SDTAVYYCARAPDCADADCHKGAFGYWGQGTLVTVS	8	ARAPDCADADCHKGA	HLA-DQA1*04:01-DQB1*04:02	0.117333	14048.36	91.86	netMHCIIpan	15
SDTAVYYCARAPDCADADCHKGAFGYWGQGTLVTVS	3	AVYYCARAPDCADAD	HLA-DQA1*04:01-DQB1*04:02	0.239041	3764.64	43.9	netMHCIIpan	15
SDTAVYYCARAPDCADADCHKGAFGYWGQGTLVTVS	13	CADADCHKGAFGYWG	HLA-DQA1*04:01-DQB1*04:02	0.119276	13756.11	91.44	netMHCIIpan	15
SDTAVYYCARAPDCADADCHKGAFGYWGQGTLVTVS	7	CARAPDCADADCHKG	HLA-DQA1*04:01-DQB1*04:02	0.122922	13224.01	90.65	netMHCIIpan	15
SDTAVYYCARAPDCADADCHKGAFGYWGQGTLVTVS	18	CHKGAFGYWGQGTLV	HLA-DQA1*04:01-DQB1*04:02	0.203129	5552.3	60.76	netMHCIIpan	15
SDTAVYYCARAPDCADADCHKGAFGYWGQGTLVTVS	15	DADCHKGAFGYWGQG	HLA-DQA1*04:01-DQB1*04:02	0.129389	12330.34	88.99	netMHCIIpan	15
SDTAVYYCARAPDCADADCHKGAFGYWGQGTLVTVS	12	DCADADCHKGAFGYW	HLA-DQA1*04:01-DQB1*04:02	0.108557	15447.7	93.76	netMHCIIpan	15
SDTAVYYCARAPDCADADCHKGAFGYWGQGTLVTVS	17	DCHKGAFGYWGQGTL	HLA-DQA1*04:01-DQB1*04:02	0.19364	6152.64	64.98	netMHCIIpan	15
SDTAVYYCARAPDCADADCHKGAFGYWGQGTLVTVS	1	DTAVYYCARAPDCAD	HLA-DQA1*04:01-DQB1*04:02	0.267071	2779.79	31.43	netMHCIIpan	15
SDTAVYYCARAPDCADADCHKGAFGYWGQGTLVTVS	21	GAFGYWGQGTLVTVS	HLA-DQA1*04:01-DQB1*04:02	0.262556	2918.95	33.34	netMHCIIpan	15
SDTAVYYCARAPDCADADCHKGAFGYWGQGTLVTVS	19	HKGAFGYWGQGTLVT	HLA-DQA1*04:01-DQB1*04:02	0.221663	4543.41	52.01	netMHCIIpan	15
SDTAVYYCARAPDCADADCHKGAFGYWGQGTLVTVS	20	KGAFGYWGQGTLVTV	HLA-DQA1*04:01-DQB1*04:02	0.248581	3395.43	39.47	netMHCIIpan	15
SDTAVYYCARAPDCADADCHKGAFGYWGQGTLVTVS	11	PDCADADCHKGAFGY	HLA-DQA1*04:01-DQB1*04:02	0.101191	16729.25	95.0	netMHCIIpan	15
SDTAVYYCARAPDCADADCHKGAFGYWGQGTLVTVS	9	RAPDCADADCHKGAF	HLA-DQA1*04:01-DQB1*04:02	0.111135	15022.77	93.2	netMHCIIpan	15
SDTAVYYCARAPDCADADCHKGAFGYWGQGTLVTVS	0	SDTAVYYCARAPDCA	HLA-DQA1*04:01-DQB1*04:02	0.271237	2657.27	29.73	netMHCIIpan	15
SDTAVYYCARAPDCADADCHKGAFGYWGQGTLVTVS	2	TAVYYCARAPDCADA	HLA-DQA1*04:01-DQB1*04:02	0.252361	3259.37	37.76	netMHCIIpan	15
SDTAVYYCARAPDCADADCHKGAFGYWGQGTLVTVS	4	VYYCARAPDCADADC	HLA-DQA1*04:01-DQB1*04:02	0.201203	5669.22	61.62	netMHCIIpan	15
SDTAVYYCARAPDCADADCHKGAFGYWGQGTLVTVS	6	YCARAPDCADADCHK	HLA-DQA1*04:01-DQB1*04:02	0.14888	9985.9	83.01	netMHCIIpan	15
SDTAVYYCARAPDCADADCHKGAFGYWGQGTLVTVS	5	YYCARAPDCADADCH	HLA-DQA1*04:01-DQB1*04:02	0.174694	7552.45	73.23	netMHCIIpan	15
SDTAVYYCARAPDCADADCHKGAFGYWGQGTLVTVS	14	ADADCHKGAFGYWGQ	HLA-DPA1*01:03-DPB1*04:01	0.109148	15349.24	79.13	netMHCIIpan	15
SDTAVYYCARAPDCADADCHKGAFGYWGQGTLVTVS	16	ADCHKGAFGYWGQGT	HLA-DPA1*01:03-DPB1*04:01	0.115257	14367.49	76.91	netMHCIIpan	15
SDTAVYYCARAPDCADADCHKGAFGYWGQGTLVTVS	10	APDCADADCHKGAFG	HLA-DPA1*01:03-DPB1*04:01	0.048333	29638.4	95.0	netMHCIIpan	15
SDTAVYYCARAPDCADADCHKGAFGYWGQGTLVTVS	8	ARAPDCADADCHKGA	HLA-DPA1*01:03-DPB1*04:01	0.052506	28329.96	95.0	netMHCIIpan	15
SDTAVYYCARAPDCADADCHKGAFGYWGQGTLVTVS	3	AVYYCARAPDCADAD	HLA-DPA1*01:03-DPB1*04:01	0.138056	11226.62	68.63	netMHCIIpan	15
SDTAVYYCARAPDCADADCHKGAFGYWGQGTLVTVS	13	CADADCHKGAFGYWG	HLA-DPA1*01:03-DPB1*04:01	0.098379	17246.07	83.08	netMHCIIpan	15
SDTAVYYCARAPDCADADCHKGAFGYWGQGTLVTVS	7	CARAPDCADADCHKG	HLA-DPA1*01:03-DPB1*04:01	0.058333	26598.98	95.0	netMHCIIpan	15
SDTAVYYCARAPDCADADCHKGAFGYWGQGTLVTVS	18	CHKGAFGYWGQGTLV	HLA-DPA1*01:03-DPB1*04:01	0.202777	5573.49	47.1	netMHCIIpan	15
SDTAVYYCARAPDCADADCHKGAFGYWGQGTLVTVS	15	DADCHKGAFGYWGQG	HLA-DPA1*01:03-DPB1*04:01	0.103169	16375.02	81.32	netMHCIIpan	15
SDTAVYYCARAPDCADADCHKGAFGYWGQGTLVTVS	12	DCADADCHKGAFGYW	HLA-DPA1*01:03-DPB1*04:01	0.094704	17945.63	84.43	netMHCIIpan	15
SDTAVYYCARAPDCADADCHKGAFGYWGQGTLVTVS	17	DCHKGAFGYWGQGTL	HLA-DPA1*01:03-DPB1*04:01	0.174477	7570.21	56.04	netMHCIIpan	15
SDTAVYYCARAPDCADADCHKGAFGYWGQGTLVTVS	1	DTAVYYCARAPDCAD	HLA-DPA1*01:03-DPB1*04:01	0.149967	9869.15	64.39	netMHCIIpan	15
SDTAVYYCARAPDCADADCHKGAFGYWGQGTLVTVS	21	GAFGYWGQGTLVTVS	HLA-DPA1*01:03-DPB1*04:01	0.268932	2724.37	29.94	netMHCIIpan	15
SDTAVYYCARAPDCADADCHKGAFGYWGQGTLVTVS	19	HKGAFGYWGQGTLVT	HLA-DPA1*01:03-DPB1*04:01	0.234265	3964.29	38.3	netMHCIIpan	15
SDTAVYYCARAPDCADADCHKGAFGYWGQGTLVTVS	20	KGAFGYWGQGTLVTV	HLA-DPA1*01:03-DPB1*04:01	0.271695	2644.13	29.32	netMHCIIpan	15
SDTAVYYCARAPDCADADCHKGAFGYWGQGTLVTVS	11	PDCADADCHKGAFGY	HLA-DPA1*01:03-DPB1*04:01	0.055084	27550.66	95.0	netMHCIIpan	15
SDTAVYYCARAPDCADADCHKGAFGYWGQGTLVTVS	9	RAPDCADADCHKGAF	HLA-DPA1*01:03-DPB1*04:01	0.05328	28093.7	95.0	netMHCIIpan	15
SDTAVYYCARAPDCADADCHKGAFGYWGQGTLVTVS	0	SDTAVYYCARAPDCA	HLA-DPA1*01:03-DPB1*04:01	0.160848	8773.04	60.59	netMHCIIpan	15
SDTAVYYCARAPDCADADCHKGAFGYWGQGTLVTVS	2	TAVYYCARAPDCADA	HLA-DPA1*01:03-DPB1*04:01	0.153044	9545.99	63.32	netMHCIIpan	15
SDTAVYYCARAPDCADADCHKGAFGYWGQGTLVTVS	4	VYYCARAPDCADADC	HLA-DPA1*01:03-DPB1*04:01	0.11715	14076.21	76.22	netMHCIIpan	15
SDTAVYYCARAPDCADADCHKGAFGYWGQGTLVTVS	6	YCARAPDCADADCHK	HLA-DPA1*01:03-DPB1*04:01	0.070938	23207.83	92.04	netMHCIIpan	15
SDTAVYYCARAPDCADADCHKGAFGYWGQGTLVTVS	5	YYCARAPDCADADCH	HLA-DPA1*01:03-DPB1*04:01	0.086978	19510.26	87.03	netMHCIIpan	15
SDTAVYYCARAPDCADADCHKGAFGYWGQGTLVTVS	14	ADADCHKGAFGYWGQ	HLA-DRA1*01:01-DRB1*08:02	0.124791	12959.28	86.55	netMHCIIpan	15
SDTAVYYCARAPDCADADCHKGAFGYWGQGTLVTVS	16	ADCHKGAFGYWGQGT	HLA-DRA1*01:01-DRB1*08:02	0.136875	11371.0	83.47	netMHCIIpan	15
SDTAVYYCARAPDCADADCHKGAFGYWGQGTLVTVS	10	APDCADADCHKGAFG	HLA-DRA1*01:01-DRB1*08:02	0.079172	21229.67	95.0	netMHCIIpan	15
SDTAVYYCARAPDCADADCHKGAFGYWGQGTLVTVS	8	ARAPDCADADCHKGA	HLA-DRA1*01:01-DRB1*08:02	0.070502	23317.57	95.0	netMHCIIpan	15
SDTAVYYCARAPDCADADCHKGAFGYWGQGTLVTVS	3	AVYYCARAPDCADAD	HLA-DRA1*01:01-DRB1*08:02	0.283548	2325.88	38.58	netMHCIIpan	15
SDTAVYYCARAPDCADADCHKGAFGYWGQGTLVTVS	13	CADADCHKGAFGYWG	HLA-DRA1*01:01-DRB1*08:02	0.113014	14720.43	89.37	netMHCIIpan	15
SDTAVYYCARAPDCADADCHKGAFGYWGQGTLVTVS	7	CARAPDCADADCHKG	HLA-DRA1*01:01-DRB1*08:02	0.068983	23703.96	95.0	netMHCIIpan	15
SDTAVYYCARAPDCADADCHKGAFGYWGQGTLVTVS	18	CHKGAFGYWGQGTLV	HLA-DRA1*01:01-DRB1*08:02	0.181105	7046.33	70.68	netMHCIIpan	15
SDTAVYYCARAPDCADADCHKGAFGYWGQGTLVTVS	15	DADCHKGAFGYWGQG	HLA-DRA1*01:01-DRB1*08:02	0.127145	12633.38	85.98	netMHCIIpan	15
SDTAVYYCARAPDCADADCHKGAFGYWGQGTLVTVS	12	DCADADCHKGAFGYW	HLA-DRA1*01:01-DRB1*08:02	0.099181	17097.06	92.21	netMHCIIpan	15
SDTAVYYCARAPDCADADCHKGAFGYWGQGTLVTVS	17	DCHKGAFGYWGQGTL	HLA-DRA1*01:01-DRB1*08:02	0.154157	9431.72	78.7	netMHCIIpan	15
SDTAVYYCARAPDCADADCHKGAFGYWGQGTLVTVS	1	DTAVYYCARAPDCAD	HLA-DRA1*01:01-DRB1*08:02	0.304378	1856.55	32.83	netMHCIIpan	15
SDTAVYYCARAPDCADADCHKGAFGYWGQGTLVTVS	21	GAFGYWGQGTLVTVS	HLA-DRA1*01:01-DRB1*08:02	0.344932	1197.14	22.62	netMHCIIpan	15
SDTAVYYCARAPDCADADCHKGAFGYWGQGTLVTVS	19	HKGAFGYWGQGTLVT	HLA-DRA1*01:01-DRB1*08:02	0.242677	3619.41	51.15	netMHCIIpan	15
SDTAVYYCARAPDCADADCHKGAFGYWGQGTLVTVS	20	KGAFGYWGQGTLVTV	HLA-DRA1*01:01-DRB1*08:02	0.312305	1703.96	30.69	netMHCIIpan	15
SDTAVYYCARAPDCADADCHKGAFGYWGQGTLVTVS	11	PDCADADCHKGAFGY	HLA-DRA1*01:01-DRB1*08:02	0.085798	19760.95	94.86	netMHCIIpan	15
SDTAVYYCARAPDCADADCHKGAFGYWGQGTLVTVS	9	RAPDCADADCHKGAF	HLA-DRA1*01:01-DRB1*08:02	0.077835	21539.01	95.0	netMHCIIpan	15
SDTAVYYCARAPDCADADCHKGAFGYWGQGTLVTVS	0	SDTAVYYCARAPDCA	HLA-DRA1*01:01-DRB1*08:02	0.311198	1724.49	30.98	netMHCIIpan	15
SDTAVYYCARAPDCADADCHKGAFGYWGQGTLVTVS	2	TAVYYCARAPDCADA	HLA-DRA1*01:01-DRB1*08:02	0.319826	1570.79	28.72	netMHCIIpan	15
SDTAVYYCARAPDCADADCHKGAFGYWGQGTLVTVS	4	VYYCARAPDCADADC	HLA-DRA1*01:01-DRB1*08:02	0.214627	4902.8	60.05	netMHCIIpan	15
SDTAVYYCARAPDCADADCHKGAFGYWGQGTLVTVS	6	YCARAPDCADADCHK	HLA-DRA1*01:01-DRB1*08:02	0.085796	19761.38	94.86	netMHCIIpan	15
SDTAVYYCARAPDCADADCHKGAFGYWGQGTLVTVS	5	YYCARAPDCADADCH	HLA-DRA1*01:01-DRB1*08:02	0.133758	11761.03	84.32	netMHCIIpan	15
SDTAVYYCARAPDCADADCHKGAFGYWGQGTLVTVS	14	ADADCHKGAFGYWGQ	HLA-DQA1*05:01-DQB1*03:01	0.296646	2018.55	40.51	netMHCIIpan	15
SDTAVYYCARAPDCADADCHKGAFGYWGQGTLVTVS	16	ADCHKGAFGYWGQGT	HLA-DQA1*05:01-DQB1*03:01	0.315467	1646.65	35.41	netMHCIIpan	15
SDTAVYYCARAPDCADADCHKGAFGYWGQGTLVTVS	10	APDCADADCHKGAFG	HLA-DQA1*05:01-DQB1*03:01	0.225205	4372.59	64.76	netMHCIIpan	15
SDTAVYYCARAPDCADADCHKGAFGYWGQGTLVTVS	8	ARAPDCADADCHKGA	HLA-DQA1*05:01-DQB1*03:01	0.218656	4693.66	67.25	netMHCIIpan	15
SDTAVYYCARAPDCADADCHKGAFGYWGQGTLVTVS	3	AVYYCARAPDCADAD	HLA-DQA1*05:01-DQB1*03:01	0.353418	1092.12	26.57	netMHCIIpan	15
SDTAVYYCARAPDCADADCHKGAFGYWGQGTLVTVS	13	CADADCHKGAFGYWG	HLA-DQA1*05:01-DQB1*03:01	0.275839	2528.2	46.88	netMHCIIpan	15
SDTAVYYCARAPDCADADCHKGAFGYWGQGTLVTVS	7	CARAPDCADADCHKG	HLA-DQA1*05:01-DQB1*03:01	0.2074	5301.56	71.48	netMHCIIpan	15
SDTAVYYCARAPDCADADCHKGAFGYWGQGTLVTVS	18	CHKGAFGYWGQGTLV	HLA-DQA1*05:01-DQB1*03:01	0.341149	1247.16	29.17	netMHCIIpan	15
SDTAVYYCARAPDCADADCHKGAFGYWGQGTLVTVS	15	DADCHKGAFGYWGQG	HLA-DQA1*05:01-DQB1*03:01	0.302942	1885.62	38.78	netMHCIIpan	15
SDTAVYYCARAPDCADADCHKGAFGYWGQGTLVTVS	12	DCADADCHKGAFGYW	HLA-DQA1*05:01-DQB1*03:01	0.230547	4127.02	62.75	netMHCIIpan	15
SDTAVYYCARAPDCADADCHKGAFGYWGQGTLVTVS	17	DCHKGAFGYWGQGTL	HLA-DQA1*05:01-DQB1*03:01	0.307235	1800.04	37.62	netMHCIIpan	15
SDTAVYYCARAPDCADADCHKGAFGYWGQGTLVTVS	1	DTAVYYCARAPDCAD	HLA-DQA1*05:01-DQB1*03:01	0.345465	1190.26	28.26	netMHCIIpan	15
SDTAVYYCARAPDCADADCHKGAFGYWGQGTLVTVS	21	GAFGYWGQGTLVTVS	HLA-DQA1*05:01-DQB1*03:01	0.531379	159.23	5.32	netMHCIIpan	15
SDTAVYYCARAPDCADADCHKGAFGYWGQGTLVTVS	19	HKGAFGYWGQGTLVT	HLA-DQA1*05:01-DQB1*03:01	0.373456	879.25	22.62	netMHCIIpan	15
SDTAVYYCARAPDCADADCHKGAFGYWGQGTLVTVS	20	KGAFGYWGQGTLVTV	HLA-DQA1*05:01-DQB1*03:01	0.478801	281.25	9.13	netMHCIIpan	15
SDTAVYYCARAPDCADADCHKGAFGYWGQGTLVTVS	11	PDCADADCHKGAFGY	HLA-DQA1*05:01-DQB1*03:01	0.213422	4967.14	69.23	netMHCIIpan	15
SDTAVYYCARAPDCADADCHKGAFGYWGQGTLVTVS	9	RAPDCADADCHKGAF	HLA-DQA1*05:01-DQB1*03:01	0.222838	4486.02	65.66	netMHCIIpan	15
SDTAVYYCARAPDCADADCHKGAFGYWGQGTLVTVS	0	SDTAVYYCARAPDCA	HLA-DQA1*05:01-DQB1*03:01	0.350109	1131.93	27.27	netMHCIIpan	15
SDTAVYYCARAPDCADADCHKGAFGYWGQGTLVTVS	2	TAVYYCARAPDCADA	HLA-DQA1*05:01-DQB1*03:01	0.367812	934.61	23.65	netMHCIIpan	15
SDTAVYYCARAPDCADADCHKGAFGYWGQGTLVTVS	4	VYYCARAPDCADADC	HLA-DQA1*05:01-DQB1*03:01	0.323754	1505.43	33.24	netMHCIIpan	15
SDTAVYYCARAPDCADADCHKGAFGYWGQGTLVTVS	6	YCARAPDCADADCHK	HLA-DQA1*05:01-DQB1*03:01	0.228858	4203.13	63.39	netMHCIIpan	15
SDTAVYYCARAPDCADADCHKGAFGYWGQGTLVTVS	5	YYCARAPDCADADCH	HLA-DQA1*05:01-DQB1*03:01	0.286276	2258.23	43.5	netMHCIIpan	15
SDTAVYYCARAPDCADADCHKGAFGYWGQGTLVTVS	14	ADADCHKGAFGYWGQ	HLA-DRA1*01:01-DRB1*07:01	0.169613	7979.28	76.82	netMHCIIpan	15
SDTAVYYCARAPDCADADCHKGAFGYWGQGTLVTVS	16	ADCHKGAFGYWGQGT	HLA-DRA1*01:01-DRB1*07:01	0.173023	7690.24	75.92	netMHCIIpan	15
SDTAVYYCARAPDCADADCHKGAFGYWGQGTLVTVS	10	APDCADADCHKGAFG	HLA-DRA1*01:01-DRB1*07:01	0.088616	19167.53	95.0	netMHCIIpan	15
SDTAVYYCARAPDCADADCHKGAFGYWGQGTLVTVS	8	ARAPDCADADCHKGA	HLA-DRA1*01:01-DRB1*07:01	0.081305	20745.33	95.0	netMHCIIpan	15
SDTAVYYCARAPDCADADCHKGAFGYWGQGTLVTVS	3	AVYYCARAPDCADAD	HLA-DRA1*01:01-DRB1*07:01	0.268126	2748.24	49.98	netMHCIIpan	15
SDTAVYYCARAPDCADADCHKGAFGYWGQGTLVTVS	13	CADADCHKGAFGYWG	HLA-DRA1*01:01-DRB1*07:01	0.163086	8563.15	78.55	netMHCIIpan	15
SDTAVYYCARAPDCADADCHKGAFGYWGQGTLVTVS	7	CARAPDCADADCHKG	HLA-DRA1*01:01-DRB1*07:01	0.078691	21340.44	95.0	netMHCIIpan	15
SDTAVYYCARAPDCADADCHKGAFGYWGQGTLVTVS	18	CHKGAFGYWGQGTLV	HLA-DRA1*01:01-DRB1*07:01	0.306333	1817.69	40.41	netMHCIIpan	15
SDTAVYYCARAPDCADADCHKGAFGYWGQGTLVTVS	15	DADCHKGAFGYWGQG	HLA-DRA1*01:01-DRB1*07:01	0.162989	8572.15	78.58	netMHCIIpan	15
SDTAVYYCARAPDCADADCHKGAFGYWGQGTLVTVS	12	DCADADCHKGAFGYW	HLA-DRA1*01:01-DRB1*07:01	0.149088	9963.46	82.12	netMHCIIpan	15
SDTAVYYCARAPDCADADCHKGAFGYWGQGTLVTVS	17	DCHKGAFGYWGQGTL	HLA-DRA1*01:01-DRB1*07:01	0.245436	3512.96	56.05	netMHCIIpan	15
SDTAVYYCARAPDCADADCHKGAFGYWGQGTLVTVS	1	DTAVYYCARAPDCAD	HLA-DRA1*01:01-DRB1*07:01	0.281058	2389.39	46.64	netMHCIIpan	15
SDTAVYYCARAPDCADADCHKGAFGYWGQGTLVTVS	21	GAFGYWGQGTLVTVS	HLA-DRA1*01:01-DRB1*07:01	0.40634	616.01	20.05	netMHCIIpan	15
SDTAVYYCARAPDCADADCHKGAFGYWGQGTLVTVS	19	HKGAFGYWGQGTLVT	HLA-DRA1*01:01-DRB1*07:01	0.360962	1006.52	28.28	netMHCIIpan	15
SDTAVYYCARAPDCADADCHKGAFGYWGQGTLVTVS	20	KGAFGYWGQGTLVTV	HLA-DRA1*01:01-DRB1*07:01	0.407291	609.71	19.9	netMHCIIpan	15
SDTAVYYCARAPDCADADCHKGAFGYWGQGTLVTVS	11	PDCADADCHKGAFGY	HLA-DRA1*01:01-DRB1*07:01	0.101981	16586.87	92.55	netMHCIIpan	15
SDTAVYYCARAPDCADADCHKGAFGYWGQGTLVTVS	9	RAPDCADADCHKGAF	HLA-DRA1*01:01-DRB1*07:01	0.089731	18937.68	94.84	netMHCIIpan	15
SDTAVYYCARAPDCADADCHKGAFGYWGQGTLVTVS	0	SDTAVYYCARAPDCA	HLA-DRA1*01:01-DRB1*07:01	0.300682	1932.3	41.74	netMHCIIpan	15
SDTAVYYCARAPDCADADCHKGAFGYWGQGTLVTVS	2	TAVYYCARAPDCADA	HLA-DRA1*01:01-DRB1*07:01	0.295484	2044.09	43.02	netMHCIIpan	15
SDTAVYYCARAPDCADADCHKGAFGYWGQGTLVTVS	4	VYYCARAPDCADADC	HLA-DRA1*01:01-DRB1*07:01	0.231382	4089.9	59.93	netMHCIIpan	15
SDTAVYYCARAPDCADADCHKGAFGYWGQGTLVTVS	6	YCARAPDCADADCHK	HLA-DRA1*01:01-DRB1*07:01	0.092522	18374.35	94.32	netMHCIIpan	15
SDTAVYYCARAPDCADADCHKGAFGYWGQGTLVTVS	5	YYCARAPDCADADCH	HLA-DRA1*01:01-DRB1*07:01	0.158432	9005.4	79.78	netMHCIIpan	15
SDTAVYYCARAPDCADADCHKGAFGYWGQGTLVTVS	14	ADADCHKGAFGYWGQ	HLA-DRA1*01:01-DRB1*04:05	0.119736	13687.82	90.62	netMHCIIpan	15
SDTAVYYCARAPDCADADCHKGAFGYWGQGTLVTVS	16	ADCHKGAFGYWGQGT	HLA-DRA1*01:01-DRB1*04:05	0.1341	11717.59	87.6	netMHCIIpan	15
SDTAVYYCARAPDCADADCHKGAFGYWGQGTLVTVS	10	APDCADADCHKGAFG	HLA-DRA1*01:01-DRB1*04:05	0.079809	21083.85	95.0	netMHCIIpan	15
SDTAVYYCARAPDCADADCHKGAFGYWGQGTLVTVS	8	ARAPDCADADCHKGA	HLA-DRA1*01:01-DRB1*04:05	0.085417	19842.58	95.0	netMHCIIpan	15
SDTAVYYCARAPDCADADCHKGAFGYWGQGTLVTVS	3	AVYYCARAPDCADAD	HLA-DRA1*01:01-DRB1*04:05	0.309204	1762.1	38.97	netMHCIIpan	15
SDTAVYYCARAPDCADADCHKGAFGYWGQGTLVTVS	13	CADADCHKGAFGYWG	HLA-DRA1*01:01-DRB1*04:05	0.109458	15297.84	92.51	netMHCIIpan	15
SDTAVYYCARAPDCADADCHKGAFGYWGQGTLVTVS	7	CARAPDCADADCHKG	HLA-DRA1*01:01-DRB1*04:05	0.089242	19038.14	95.0	netMHCIIpan	15
SDTAVYYCARAPDCADADCHKGAFGYWGQGTLVTVS	18	CHKGAFGYWGQGTLV	HLA-DRA1*01:01-DRB1*04:05	0.217191	4768.66	65.67	netMHCIIpan	15
SDTAVYYCARAPDCADADCHKGAFGYWGQGTLVTVS	15	DADCHKGAFGYWGQG	HLA-DRA1*01:01-DRB1*04:05	0.116571	14164.67	91.2	netMHCIIpan	15
SDTAVYYCARAPDCADADCHKGAFGYWGQGTLVTVS	12	DCADADCHKGAFGYW	HLA-DRA1*01:01-DRB1*04:05	0.096603	17580.67	94.86	netMHCIIpan	15
SDTAVYYCARAPDCADADCHKGAFGYWGQGTLVTVS	17	DCHKGAFGYWGQGTL	HLA-DRA1*01:01-DRB1*04:05	0.186953	6614.29	74.28	netMHCIIpan	15
SDTAVYYCARAPDCADADCHKGAFGYWGQGTLVTVS	1	DTAVYYCARAPDCAD	HLA-DRA1*01:01-DRB1*04:05	0.314214	1669.12	37.6	netMHCIIpan	15
SDTAVYYCARAPDCADADCHKGAFGYWGQGTLVTVS	21	GAFGYWGQGTLVTVS	HLA-DRA1*01:01-DRB1*04:05	0.440166	427.21	11.31	netMHCIIpan	15
SDTAVYYCARAPDCADADCHKGAFGYWGQGTLVTVS	19	HKGAFGYWGQGTLVT	HLA-DRA1*01:01-DRB1*04:05	0.370781	905.07	23.69	netMHCIIpan	15
SDTAVYYCARAPDCADADCHKGAFGYWGQGTLVTVS	20	KGAFGYWGQGTLVTV	HLA-DRA1*01:01-DRB1*04:05	0.428216	486.18	13.08	netMHCIIpan	15
SDTAVYYCARAPDCADADCHKGAFGYWGQGTLVTVS	11	PDCADADCHKGAFGY	HLA-DRA1*01:01-DRB1*04:05	0.079757	21095.72	95.0	netMHCIIpan	15
SDTAVYYCARAPDCADADCHKGAFGYWGQGTLVTVS	9	RAPDCADADCHKGAF	HLA-DRA1*01:01-DRB1*04:05	0.087923	19311.79	95.0	netMHCIIpan	15
SDTAVYYCARAPDCADADCHKGAFGYWGQGTLVTVS	0	SDTAVYYCARAPDCA	HLA-DRA1*01:01-DRB1*04:05	0.324329	1496.09	34.87	netMHCIIpan	15
SDTAVYYCARAPDCADADCHKGAFGYWGQGTLVTVS	2	TAVYYCARAPDCADA	HLA-DRA1*01:01-DRB1*04:05	0.332973	1362.51	32.62	netMHCIIpan	15
SDTAVYYCARAPDCADADCHKGAFGYWGQGTLVTVS	4	VYYCARAPDCADADC	HLA-DRA1*01:01-DRB1*04:05	0.269993	2693.28	49.98	netMHCIIpan	15
SDTAVYYCARAPDCADADCHKGAFGYWGQGTLVTVS	6	YCARAPDCADADCHK	HLA-DRA1*01:01-DRB1*04:05	0.123318	13167.47	89.96	netMHCIIpan	15
SDTAVYYCARAPDCADADCHKGAFGYWGQGTLVTVS	5	YYCARAPDCADADCH	HLA-DRA1*01:01-DRB1*04:05	0.194295	6109.19	72.24	netMHCIIpan	15
SDTAVYYCARAPDCADADCHKGAFGYWGQGTLVTVS	14	ADADCHKGAFGYWGQ	HLA-DPA1*01:03-DPB1*14:01	0.091978	18482.82	90.24	netMHCIIpan	15
SDTAVYYCARAPDCADADCHKGAFGYWGQGTLVTVS	16	ADCHKGAFGYWGQGT	HLA-DPA1*01:03-DPB1*14:01	0.09989	16966.41	87.67	netMHCIIpan	15
SDTAVYYCARAPDCADADCHKGAFGYWGQGTLVTVS	10	APDCADADCHKGAFG	HLA-DPA1*01:03-DPB1*14:01	0.052433	28352.34	95.0	netMHCIIpan	15
SDTAVYYCARAPDCADADCHKGAFGYWGQGTLVTVS	8	ARAPDCADADCHKGA	HLA-DPA1*01:03-DPB1*14:01	0.081345	20736.35	93.05	netMHCIIpan	15
SDTAVYYCARAPDCADADCHKGAFGYWGQGTLVTVS	3	AVYYCARAPDCADAD	HLA-DPA1*01:03-DPB1*14:01	0.176314	7421.23	57.63	netMHCIIpan	15
SDTAVYYCARAPDCADADCHKGAFGYWGQGTLVTVS	13	CADADCHKGAFGYWG	HLA-DPA1*01:03-DPB1*14:01	0.078973	21275.43	93.67	netMHCIIpan	15
SDTAVYYCARAPDCADADCHKGAFGYWGQGTLVTVS	7	CARAPDCADADCHKG	HLA-DPA1*01:03-DPB1*14:01	0.085324	19862.55	92.0	netMHCIIpan	15
SDTAVYYCARAPDCADADCHKGAFGYWGQGTLVTVS	18	CHKGAFGYWGQGTLV	HLA-DPA1*01:03-DPB1*14:01	0.132398	11935.37	75.8	netMHCIIpan	15
SDTAVYYCARAPDCADADCHKGAFGYWGQGTLVTVS	15	DADCHKGAFGYWGQG	HLA-DPA1*01:03-DPB1*14:01	0.092447	18389.26	90.12	netMHCIIpan	15
SDTAVYYCARAPDCADADCHKGAFGYWGQGTLVTVS	12	DCADADCHKGAFGYW	HLA-DPA1*01:03-DPB1*14:01	0.061347	25745.56	95.0	netMHCIIpan	15
SDTAVYYCARAPDCADADCHKGAFGYWGQGTLVTVS	17	DCHKGAFGYWGQGTL	HLA-DPA1*01:03-DPB1*14:01	0.113467	14648.46	82.96	netMHCIIpan	15
SDTAVYYCARAPDCADADCHKGAFGYWGQGTLVTVS	1	DTAVYYCARAPDCAD	HLA-DPA1*01:03-DPB1*14:01	0.178506	7247.29	56.71	netMHCIIpan	15
SDTAVYYCARAPDCADADCHKGAFGYWGQGTLVTVS	21	GAFGYWGQGTLVTVS	HLA-DPA1*01:03-DPB1*14:01	0.213111	4983.88	42.92	netMHCIIpan	15
SDTAVYYCARAPDCADADCHKGAFGYWGQGTLVTVS	19	HKGAFGYWGQGTLVT	HLA-DPA1*01:03-DPB1*14:01	0.165985	8298.73	61.92	netMHCIIpan	15
SDTAVYYCARAPDCADADCHKGAFGYWGQGTLVTVS	20	KGAFGYWGQGTLVTV	HLA-DPA1*01:03-DPB1*14:01	0.196038	5995.06	49.49	netMHCIIpan	15
SDTAVYYCARAPDCADADCHKGAFGYWGQGTLVTVS	11	PDCADADCHKGAFGY	HLA-DPA1*01:03-DPB1*14:01	0.052817	28234.79	95.0	netMHCIIpan	15
SDTAVYYCARAPDCADADCHKGAFGYWGQGTLVTVS	9	RAPDCADADCHKGAF	HLA-DPA1*01:03-DPB1*14:01	0.059218	26345.5	95.0	netMHCIIpan	15
SDTAVYYCARAPDCADADCHKGAFGYWGQGTLVTVS	0	SDTAVYYCARAPDCA	HLA-DPA1*01:03-DPB1*14:01	0.180226	7113.67	55.99	netMHCIIpan	15
SDTAVYYCARAPDCADADCHKGAFGYWGQGTLVTVS	2	TAVYYCARAPDCADA	HLA-DPA1*01:03-DPB1*14:01	0.190006	6399.37	51.94	netMHCIIpan	15
SDTAVYYCARAPDCADADCHKGAFGYWGQGTLVTVS	4	VYYCARAPDCADADC	HLA-DPA1*01:03-DPB1*14:01	0.155844	9261.12	66.12	netMHCIIpan	15
SDTAVYYCARAPDCADADCHKGAFGYWGQGTLVTVS	6	YCARAPDCADADCHK	HLA-DPA1*01:03-DPB1*14:01	0.107404	15641.62	85.15	netMHCIIpan	15
SDTAVYYCARAPDCADADCHKGAFGYWGQGTLVTVS	5	YYCARAPDCADADCH	HLA-DPA1*01:03-DPB1*14:01	0.129575	12305.55	76.9	netMHCIIpan	15
SDTAVYYCARAPDCADADCHKGAFGYWGQGTLVTVS	14	ADADCHKGAFGYWGQ	HLA-DQA1*01:02-DQB1*06:02	0.207304	5307.07	69.41	netMHCIIpan	15
SDTAVYYCARAPDCADADCHKGAFGYWGQGTLVTVS	16	ADCHKGAFGYWGQGT	HLA-DQA1*01:02-DQB1*06:02	0.233617	3992.19	60.53	netMHCIIpan	15
SDTAVYYCARAPDCADADCHKGAFGYWGQGTLVTVS	10	APDCADADCHKGAFG	HLA-DQA1*01:02-DQB1*06:02	0.157763	9070.82	84.29	netMHCIIpan	15
SDTAVYYCARAPDCADADCHKGAFGYWGQGTLVTVS	8	ARAPDCADADCHKGA	HLA-DQA1*01:02-DQB1*06:02	0.143384	10597.73	87.79	netMHCIIpan	15
SDTAVYYCARAPDCADADCHKGAFGYWGQGTLVTVS	3	AVYYCARAPDCADAD	HLA-DQA1*01:02-DQB1*06:02	0.218114	4721.27	65.83	netMHCIIpan	15
SDTAVYYCARAPDCADADCHKGAFGYWGQGTLVTVS	13	CADADCHKGAFGYWG	HLA-DQA1*01:02-DQB1*06:02	0.177382	7335.97	78.85	netMHCIIpan	15
SDTAVYYCARAPDCADADCHKGAFGYWGQGTLVTVS	7	CARAPDCADADCHKG	HLA-DQA1*01:02-DQB1*06:02	0.12776	12549.59	91.19	netMHCIIpan	15
SDTAVYYCARAPDCADADCHKGAFGYWGQGTLVTVS	18	CHKGAFGYWGQGTLV	HLA-DQA1*01:02-DQB1*06:02	0.223058	4475.35	64.16	netMHCIIpan	15
SDTAVYYCARAPDCADADCHKGAFGYWGQGTLVTVS	15	DADCHKGAFGYWGQG	HLA-DQA1*01:02-DQB1*06:02	0.2166	4799.25	66.33	netMHCIIpan	15
SDTAVYYCARAPDCADADCHKGAFGYWGQGTLVTVS	12	DCADADCHKGAFGYW	HLA-DQA1*01:02-DQB1*06:02	0.139838	11012.23	88.64	netMHCIIpan	15
SDTAVYYCARAPDCADADCHKGAFGYWGQGTLVTVS	17	DCHKGAFGYWGQGTL	HLA-DQA1*01:02-DQB1*06:02	0.225678	4350.27	63.26	netMHCIIpan	15
SDTAVYYCARAPDCADADCHKGAFGYWGQGTLVTVS	1	DTAVYYCARAPDCAD	HLA-DQA1*01:02-DQB1*06:02	0.230953	4108.93	61.45	netMHCIIpan	15
SDTAVYYCARAPDCADADCHKGAFGYWGQGTLVTVS	21	GAFGYWGQGTLVTVS	HLA-DQA1*01:02-DQB1*06:02	0.365547	957.8	20.71	netMHCIIpan	15
SDTAVYYCARAPDCADADCHKGAFGYWGQGTLVTVS	19	HKGAFGYWGQGTLVT	HLA-DQA1*01:02-DQB1*06:02	0.232232	4052.46	61.01	netMHCIIpan	15
SDTAVYYCARAPDCADADCHKGAFGYWGQGTLVTVS	20	KGAFGYWGQGTLVTV	HLA-DQA1*01:02-DQB1*06:02	0.284131	2311.25	43.31	netMHCIIpan	15
SDTAVYYCARAPDCADADCHKGAFGYWGQGTLVTVS	11	PDCADADCHKGAFGY	HLA-DQA1*01:02-DQB1*06:02	0.144829	10433.33	87.45	netMHCIIpan	15
SDTAVYYCARAPDCADADCHKGAFGYWGQGTLVTVS	9	RAPDCADADCHKGAF	HLA-DQA1*01:02-DQB1*06:02	0.159637	8888.75	83.78	netMHCIIpan	15
SDTAVYYCARAPDCADADCHKGAFGYWGQGTLVTVS	0	SDTAVYYCARAPDCA	HLA-DQA1*01:02-DQB1*06:02	0.248289	3406.18	55.49	netMHCIIpan	15
SDTAVYYCARAPDCADADCHKGAFGYWGQGTLVTVS	2	TAVYYCARAPDCADA	HLA-DQA1*01:02-DQB1*06:02	0.23137	4090.43	61.31	netMHCIIpan	15
SDTAVYYCARAPDCADADCHKGAFGYWGQGTLVTVS	4	VYYCARAPDCADADC	HLA-DQA1*01:02-DQB1*06:02	0.195026	6061.06	73.41	netMHCIIpan	15
SDTAVYYCARAPDCADADCHKGAFGYWGQGTLVTVS	6	YCARAPDCADADCHK	HLA-DQA1*01:02-DQB1*06:02	0.132614	11907.51	90.28	netMHCIIpan	15
SDTAVYYCARAPDCADADCHKGAFGYWGQGTLVTVS	5	YYCARAPDCADADCH	HLA-DQA1*01:02-DQB1*06:02	0.168522	8074.03	81.37	netMHCIIpan	15
SDTAVYYCARAPDCADADCHKGAFGYWGQGTLVTVS	14	ADADCHKGAFGYWGQ	HLA-DPA1*01:03-DPB1*01:01	0.14638	10259.7	90.86	netMHCIIpan	15
SDTAVYYCARAPDCADADCHKGAFGYWGQGTLVTVS	16	ADCHKGAFGYWGQGT	HLA-DPA1*01:03-DPB1*01:01	0.156477	9197.91	89.1	netMHCIIpan	15
SDTAVYYCARAPDCADADCHKGAFGYWGQGTLVTVS	10	APDCADADCHKGAFG	HLA-DPA1*01:03-DPB1*01:01	0.083375	20285.86	95.0	netMHCIIpan	15
SDTAVYYCARAPDCADADCHKGAFGYWGQGTLVTVS	8	ARAPDCADADCHKGA	HLA-DPA1*01:03-DPB1*01:01	0.106508	15794.0	95.0	netMHCIIpan	15
SDTAVYYCARAPDCADADCHKGAFGYWGQGTLVTVS	3	AVYYCARAPDCADAD	HLA-DPA1*01:03-DPB1*01:01	0.247012	3453.57	67.32	netMHCIIpan	15
SDTAVYYCARAPDCADADCHKGAFGYWGQGTLVTVS	13	CADADCHKGAFGYWG	HLA-DPA1*01:03-DPB1*01:01	0.130039	12243.92	93.42	netMHCIIpan	15
SDTAVYYCARAPDCADADCHKGAFGYWGQGTLVTVS	7	CARAPDCADADCHKG	HLA-DPA1*01:03-DPB1*01:01	0.112551	14794.36	95.0	netMHCIIpan	15
SDTAVYYCARAPDCADADCHKGAFGYWGQGTLVTVS	18	CHKGAFGYWGQGTLV	HLA-DPA1*01:03-DPB1*01:01	0.244659	3542.62	67.99	netMHCIIpan	15
SDTAVYYCARAPDCADADCHKGAFGYWGQGTLVTVS	15	DADCHKGAFGYWGQG	HLA-DPA1*01:03-DPB1*01:01	0.140856	10891.61	91.73	netMHCIIpan	15
SDTAVYYCARAPDCADADCHKGAFGYWGQGTLVTVS	12	DCADADCHKGAFGYW	HLA-DPA1*01:03-DPB1*01:01	0.122981	13215.57	94.52	netMHCIIpan	15
SDTAVYYCARAPDCADADCHKGAFGYWGQGTLVTVS	17	DCHKGAFGYWGQGTL	HLA-DPA1*01:03-DPB1*01:01	0.215096	4877.98	75.95	netMHCIIpan	15
SDTAVYYCARAPDCADADCHKGAFGYWGQGTLVTVS	1	DTAVYYCARAPDCAD	HLA-DPA1*01:03-DPB1*01:01	0.264338	2863.21	62.31	netMHCIIpan	15
SDTAVYYCARAPDCADADCHKGAFGYWGQGTLVTVS	21	GAFGYWGQGTLVTVS	HLA-DPA1*01:03-DPB1*01:01	0.330445	1400.29	42.71	netMHCIIpan	15
SDTAVYYCARAPDCADADCHKGAFGYWGQGTLVTVS	19	HKGAFGYWGQGTLVT	HLA-DPA1*01:03-DPB1*01:01	0.30113	1922.96	51.39	netMHCIIpan	15
SDTAVYYCARAPDCADADCHKGAFGYWGQGTLVTVS	20	KGAFGYWGQGTLVTV	HLA-DPA1*01:03-DPB1*01:01	0.333687	1352.03	41.71	netMHCIIpan	15
SDTAVYYCARAPDCADADCHKGAFGYWGQGTLVTVS	11	PDCADADCHKGAFGY	HLA-DPA1*01:03-DPB1*01:01	0.091205	18638.05	95.0	netMHCIIpan	15
SDTAVYYCARAPDCADADCHKGAFGYWGQGTLVTVS	9	RAPDCADADCHKGAF	HLA-DPA1*01:03-DPB1*01:01	0.09478	17930.88	95.0	netMHCIIpan	15
SDTAVYYCARAPDCADADCHKGAFGYWGQGTLVTVS	0	SDTAVYYCARAPDCA	HLA-DPA1*01:03-DPB1*01:01	0.273579	2590.78	59.59	netMHCIIpan	15
SDTAVYYCARAPDCADADCHKGAFGYWGQGTLVTVS	2	TAVYYCARAPDCADA	HLA-DPA1*01:03-DPB1*01:01	0.26876	2729.45	61.01	netMHCIIpan	15
SDTAVYYCARAPDCADADCHKGAFGYWGQGTLVTVS	4	VYYCARAPDCADADC	HLA-DPA1*01:03-DPB1*01:01	0.207238	5310.86	77.95	netMHCIIpan	15
SDTAVYYCARAPDCADADCHKGAFGYWGQGTLVTVS	6	YCARAPDCADADCHK	HLA-DPA1*01:03-DPB1*01:01	0.134305	11691.62	92.75	netMHCIIpan	15
SDTAVYYCARAPDCADADCHKGAFGYWGQGTLVTVS	5	YYCARAPDCADADCH	HLA-DPA1*01:03-DPB1*01:01	0.151874	9667.6	90.01	netMHCIIpan	15
SDTAVYYCARAPDCADADCHKGAFGYWGQGTLVTVS	14	ADADCHKGAFGYWGQ	HLA-DPA1*01:03-DPB1*02:01	0.142823	10662.25	76.77	netMHCIIpan	15
SDTAVYYCARAPDCADADCHKGAFGYWGQGTLVTVS	16	ADCHKGAFGYWGQGT	HLA-DPA1*01:03-DPB1*02:01	0.152523	9599.95	73.75	netMHCIIpan	15
SDTAVYYCARAPDCADADCHKGAFGYWGQGTLVTVS	10	APDCADADCHKGAFG	HLA-DPA1*01:03-DPB1*02:01	0.05649	27134.71	95.0	netMHCIIpan	15
SDTAVYYCARAPDCADADCHKGAFGYWGQGTLVTVS	8	ARAPDCADADCHKGA	HLA-DPA1*01:03-DPB1*02:01	0.06534	24656.95	95.0	netMHCIIpan	15
SDTAVYYCARAPDCADADCHKGAFGYWGQGTLVTVS	3	AVYYCARAPDCADAD	HLA-DPA1*01:03-DPB1*02:01	0.154473	9399.53	73.14	netMHCIIpan	15
SDTAVYYCARAPDCADADCHKGAFGYWGQGTLVTVS	13	CADADCHKGAFGYWG	HLA-DPA1*01:03-DPB1*02:01	0.129466	12320.07	80.87	netMHCIIpan	15
SDTAVYYCARAPDCADADCHKGAFGYWGQGTLVTVS	7	CARAPDCADADCHKG	HLA-DPA1*01:03-DPB1*02:01	0.07042	23338.26	95.0	netMHCIIpan	15
SDTAVYYCARAPDCADADCHKGAFGYWGQGTLVTVS	18	CHKGAFGYWGQGTLV	HLA-DPA1*01:03-DPB1*02:01	0.231854	4069.07	49.81	netMHCIIpan	15
SDTAVYYCARAPDCADADCHKGAFGYWGQGTLVTVS	15	DADCHKGAFGYWGQG	HLA-DPA1*01:03-DPB1*02:01	0.139454	11058.08	77.81	netMHCIIpan	15
SDTAVYYCARAPDCADADCHKGAFGYWGQGTLVTVS	12	DCADADCHKGAFGYW	HLA-DPA1*01:03-DPB1*02:01	0.125651	12839.25	82.0	netMHCIIpan	15
SDTAVYYCARAPDCADADCHKGAFGYWGQGTLVTVS	17	DCHKGAFGYWGQGTL	HLA-DPA1*01:03-DPB1*02:01	0.206327	5363.47	57.18	netMHCIIpan	15
SDTAVYYCARAPDCADADCHKGAFGYWGQGTLVTVS	1	DTAVYYCARAPDCAD	HLA-DPA1*01:03-DPB1*02:01	0.174021	7607.65	67.0	netMHCIIpan	15
SDTAVYYCARAPDCADADCHKGAFGYWGQGTLVTVS	21	GAFGYWGQGTLVTVS	HLA-DPA1*01:03-DPB1*02:01	0.322112	1532.41	27.75	netMHCIIpan	15
SDTAVYYCARAPDCADADCHKGAFGYWGQGTLVTVS	19	HKGAFGYWGQGTLVT	HLA-DPA1*01:03-DPB1*02:01	0.286276	2258.23	35.57	netMHCIIpan	15
SDTAVYYCARAPDCADADCHKGAFGYWGQGTLVTVS	20	KGAFGYWGQGTLVTV	HLA-DPA1*01:03-DPB1*02:01	0.325652	1474.83	27.03	netMHCIIpan	15
SDTAVYYCARAPDCADADCHKGAFGYWGQGTLVTVS	11	PDCADADCHKGAFGY	HLA-DPA1*01:03-DPB1*02:01	0.066446	24363.64	95.0	netMHCIIpan	15
SDTAVYYCARAPDCADADCHKGAFGYWGQGTLVTVS	9	RAPDCADADCHKGAF	HLA-DPA1*01:03-DPB1*02:01	0.066072	24462.43	95.0	netMHCIIpan	15
SDTAVYYCARAPDCADADCHKGAFGYWGQGTLVTVS	0	SDTAVYYCARAPDCA	HLA-DPA1*01:03-DPB1*02:01	0.188836	6480.9	62.45	netMHCIIpan	15
SDTAVYYCARAPDCADADCHKGAFGYWGQGTLVTVS	2	TAVYYCARAPDCADA	HLA-DPA1*01:03-DPB1*02:01	0.176234	7427.66	66.29	netMHCIIpan	15
SDTAVYYCARAPDCADADCHKGAFGYWGQGTLVTVS	4	VYYCARAPDCADADC	HLA-DPA1*01:03-DPB1*02:01	0.127305	12611.53	81.51	netMHCIIpan	15
SDTAVYYCARAPDCADADCHKGAFGYWGQGTLVTVS	6	YCARAPDCADADCHK	HLA-DPA1*01:03-DPB1*02:01	0.079335	21192.26	94.12	netMHCIIpan	15
SDTAVYYCARAPDCADADCHKGAFGYWGQGTLVTVS	5	YYCARAPDCADADCH	HLA-DPA1*01:03-DPB1*02:01	0.100579	16840.4	89.09	netMHCIIpan	15
SDTAVYYCARAPDCADADCHKGAFGYWGQGTLVTVS	14	ADADCHKGAFGYWGQ	HLA-DRA1*01:01-DRB1*09:01	0.219634	4644.26	68.78	netMHCIIpan	15
SDTAVYYCARAPDCADADCHKGAFGYWGQGTLVTVS	16	ADCHKGAFGYWGQGT	HLA-DRA1*01:01-DRB1*09:01	0.234128	3970.17	64.89	netMHCIIpan	15
SDTAVYYCARAPDCADADCHKGAFGYWGQGTLVTVS	10	APDCADADCHKGAFG	HLA-DRA1*01:01-DRB1*09:01	0.11105	15036.59	93.22	netMHCIIpan	15
SDTAVYYCARAPDCADADCHKGAFGYWGQGTLVTVS	8	ARAPDCADADCHKGA	HLA-DRA1*01:01-DRB1*09:01	0.095219	17845.91	95.0	netMHCIIpan	15
SDTAVYYCARAPDCADADCHKGAFGYWGQGTLVTVS	3	AVYYCARAPDCADAD	HLA-DRA1*01:01-DRB1*09:01	0.368281	929.88	29.63	netMHCIIpan	15
SDTAVYYCARAPDCADADCHKGAFGYWGQGTLVTVS	13	CADADCHKGAFGYWG	HLA-DRA1*01:01-DRB1*09:01	0.202209	5607.84	73.37	netMHCIIpan	15
SDTAVYYCARAPDCADADCHKGAFGYWGQGTLVTVS	7	CARAPDCADADCHKG	HLA-DRA1*01:01-DRB1*09:01	0.091229	18633.21	95.0	netMHCIIpan	15
SDTAVYYCARAPDCADADCHKGAFGYWGQGTLVTVS	18	CHKGAFGYWGQGTLV	HLA-DRA1*01:01-DRB1*09:01	0.377155	844.75	27.69	netMHCIIpan	15
SDTAVYYCARAPDCADADCHKGAFGYWGQGTLVTVS	15	DADCHKGAFGYWGQG	HLA-DRA1*01:01-DRB1*09:01	0.217542	4750.58	69.35	netMHCIIpan	15
SDTAVYYCARAPDCADADCHKGAFGYWGQGTLVTVS	12	DCADADCHKGAFGYW	HLA-DRA1*01:01-DRB1*09:01	0.179819	7145.06	79.13	netMHCIIpan	15
SDTAVYYCARAPDCADADCHKGAFGYWGQGTLVTVS	17	DCHKGAFGYWGQGTL	HLA-DRA1*01:01-DRB1*09:01	0.312673	1697.18	43.5	netMHCIIpan	15
SDTAVYYCARAPDCADADCHKGAFGYWGQGTLVTVS	1	DTAVYYCARAPDCAD	HLA-DRA1*01:01-DRB1*09:01	0.391139	726.14	24.79	netMHCIIpan	15
SDTAVYYCARAPDCADADCHKGAFGYWGQGTLVTVS	21	GAFGYWGQGTLVTVS	HLA-DRA1*01:01-DRB1*09:01	0.498795	226.54	8.35	netMHCIIpan	15
SDTAVYYCARAPDCADADCHKGAFGYWGQGTLVTVS	19	HKGAFGYWGQGTLVT	HLA-DRA1*01:01-DRB1*09:01	0.436682	443.62	16.44	netMHCIIpan	15
SDTAVYYCARAPDCADADCHKGAFGYWGQGTLVTVS	20	KGAFGYWGQGTLVTV	HLA-DRA1*01:01-DRB1*09:01	0.490406	248.07	9.22	netMHCIIpan	15
SDTAVYYCARAPDCADADCHKGAFGYWGQGTLVTVS	11	PDCADADCHKGAFGY	HLA-DRA1*01:01-DRB1*09:01	0.121522	13425.85	91.47	netMHCIIpan	15
SDTAVYYCARAPDCADADCHKGAFGYWGQGTLVTVS	9	RAPDCADADCHKGAF	HLA-DRA1*01:01-DRB1*09:01	0.105911	15896.35	94.08	netMHCIIpan	15
SDTAVYYCARAPDCADADCHKGAFGYWGQGTLVTVS	0	SDTAVYYCARAPDCA	HLA-DRA1*01:01-DRB1*09:01	0.40512	624.2	22.04	netMHCIIpan	15
SDTAVYYCARAPDCADADCHKGAFGYWGQGTLVTVS	2	TAVYYCARAPDCADA	HLA-DRA1*01:01-DRB1*09:01	0.406945	611.99	21.7	netMHCIIpan	15
SDTAVYYCARAPDCADADCHKGAFGYWGQGTLVTVS	4	VYYCARAPDCADADC	HLA-DRA1*01:01-DRB1*09:01	0.321857	1536.65	41.06	netMHCIIpan	15
SDTAVYYCARAPDCADADCHKGAFGYWGQGTLVTVS	6	YCARAPDCADADCHK	HLA-DRA1*01:01-DRB1*09:01	0.104683	16108.97	94.29	netMHCIIpan	15
SDTAVYYCARAPDCADADCHKGAFGYWGQGTLVTVS	5	YYCARAPDCADADCH	HLA-DRA1*01:01-DRB1*09:01	0.219577	4647.12	68.8	netMHCIIpan	15
SDTAVYYCARAPDCADADCHKGAFGYWGQGTLVTVS	14	ADADCHKGAFGYWGQ	HLA-DRA1*01:01-DRB3*02:02	0.075377	22119.52	89.03	netMHCIIpan	15
SDTAVYYCARAPDCADADCHKGAFGYWGQGTLVTVS	16	ADCHKGAFGYWGQGT	HLA-DRA1*01:01-DRB3*02:02	0.081138	20782.84	86.75	netMHCIIpan	15
SDTAVYYCARAPDCADADCHKGAFGYWGQGTLVTVS	10	APDCADADCHKGAFG	HLA-DRA1*01:01-DRB3*02:02	0.054257	27798.28	95.0	netMHCIIpan	15
SDTAVYYCARAPDCADADCHKGAFGYWGQGTLVTVS	8	ARAPDCADADCHKGA	HLA-DRA1*01:01-DRB3*02:02	0.060346	26025.91	94.18	netMHCIIpan	15
SDTAVYYCARAPDCADADCHKGAFGYWGQGTLVTVS	3	AVYYCARAPDCADAD	HLA-DRA1*01:01-DRB3*02:02	0.250749	3316.71	23.38	netMHCIIpan	15
SDTAVYYCARAPDCADADCHKGAFGYWGQGTLVTVS	13	CADADCHKGAFGYWG	HLA-DRA1*01:01-DRB3*02:02	0.071565	23050.92	90.46	netMHCIIpan	15
SDTAVYYCARAPDCADADCHKGAFGYWGQGTLVTVS	7	CARAPDCADADCHKG	HLA-DRA1*01:01-DRB3*02:02	0.058756	26477.52	94.71	netMHCIIpan	15
SDTAVYYCARAPDCADADCHKGAFGYWGQGTLVTVS	18	CHKGAFGYWGQGTLV	HLA-DRA1*01:01-DRB3*02:02	0.12914	12363.6	65.55	netMHCIIpan	15
SDTAVYYCARAPDCADADCHKGAFGYWGQGTLVTVS	15	DADCHKGAFGYWGQG	HLA-DRA1*01:01-DRB3*02:02	0.071538	23057.65	90.47	netMHCIIpan	15
SDTAVYYCARAPDCADADCHKGAFGYWGQGTLVTVS	12	DCADADCHKGAFGYW	HLA-DRA1*01:01-DRB3*02:02	0.066085	24458.99	92.28	netMHCIIpan	15
SDTAVYYCARAPDCADADCHKGAFGYWGQGTLVTVS	17	DCHKGAFGYWGQGTL	HLA-DRA1*01:01-DRB3*02:02	0.098888	17151.35	79.19	netMHCIIpan	15
SDTAVYYCARAPDCADADCHKGAFGYWGQGTLVTVS	1	DTAVYYCARAPDCAD	HLA-DRA1*01:01-DRB3*02:02	0.256038	3132.24	22.25	netMHCIIpan	15
SDTAVYYCARAPDCADADCHKGAFGYWGQGTLVTVS	21	GAFGYWGQGTLVTVS	HLA-DRA1*01:01-DRB3*02:02	0.244463	3550.14	24.77	netMHCIIpan	15
SDTAVYYCARAPDCADADCHKGAFGYWGQGTLVTVS	19	HKGAFGYWGQGTLVT	HLA-DRA1*01:01-DRB3*02:02	0.188185	6526.71	41.29	netMHCIIpan	15
SDTAVYYCARAPDCADADCHKGAFGYWGQGTLVTVS	20	KGAFGYWGQGTLVTV	HLA-DRA1*01:01-DRB3*02:02	0.230923	4110.26	28.1	netMHCIIpan	15
SDTAVYYCARAPDCADADCHKGAFGYWGQGTLVTVS	11	PDCADADCHKGAFGY	HLA-DRA1*01:01-DRB3*02:02	0.055393	27458.7	95.0	netMHCIIpan	15
SDTAVYYCARAPDCADADCHKGAFGYWGQGTLVTVS	9	RAPDCADADCHKGAF	HLA-DRA1*01:01-DRB3*02:02	0.059414	26289.69	94.49	netMHCIIpan	15
SDTAVYYCARAPDCADADCHKGAFGYWGQGTLVTVS	0	SDTAVYYCARAPDCA	HLA-DRA1*01:01-DRB3*02:02	0.264739	2850.82	20.46	netMHCIIpan	15
SDTAVYYCARAPDCADADCHKGAFGYWGQGTLVTVS	2	TAVYYCARAPDCADA	HLA-DRA1*01:01-DRB3*02:02	0.276533	2509.28	18.31	netMHCIIpan	15
SDTAVYYCARAPDCADADCHKGAFGYWGQGTLVTVS	4	VYYCARAPDCADADC	HLA-DRA1*01:01-DRB3*02:02	0.203681	5519.24	36.11	netMHCIIpan	15
SDTAVYYCARAPDCADADCHKGAFGYWGQGTLVTVS	6	YCARAPDCADADCHK	HLA-DRA1*01:01-DRB3*02:02	0.071743	23006.57	90.4	netMHCIIpan	15
SDTAVYYCARAPDCADADCHKGAFGYWGQGTLVTVS	5	YYCARAPDCADADCH	HLA-DRA1*01:01-DRB3*02:02	0.124484	13002.4	67.67	netMHCIIpan	15
SDTAVYYCARAPDCADADCHKGAFGYWGQGTLVTVS	14	ADADCHKGAFGYWGQ	HLA-DRA1*01:01-DRB1*11:01	0.128403	12462.59	80.43	netMHCIIpan	15
SDTAVYYCARAPDCADADCHKGAFGYWGQGTLVTVS	16	ADCHKGAFGYWGQGT	HLA-DRA1*01:01-DRB1*11:01	0.129709	12287.72	80.04	netMHCIIpan	15
SDTAVYYCARAPDCADADCHKGAFGYWGQGTLVTVS	10	APDCADADCHKGAFG	HLA-DRA1*01:01-DRB1*11:01	0.081055	20801.52	93.48	netMHCIIpan	15
SDTAVYYCARAPDCADADCHKGAFGYWGQGTLVTVS	8	ARAPDCADADCHKGA	HLA-DRA1*01:01-DRB1*11:01	0.069534	23563.07	95.0	netMHCIIpan	15
SDTAVYYCARAPDCADADCHKGAFGYWGQGTLVTVS	3	AVYYCARAPDCADAD	HLA-DRA1*01:01-DRB1*11:01	0.297276	2004.84	32.85	netMHCIIpan	15
SDTAVYYCARAPDCADADCHKGAFGYWGQGTLVTVS	13	CADADCHKGAFGYWG	HLA-DRA1*01:01-DRB1*11:01	0.121067	13492.11	82.63	netMHCIIpan	15
SDTAVYYCARAPDCADADCHKGAFGYWGQGTLVTVS	7	CARAPDCADADCHKG	HLA-DRA1*01:01-DRB1*11:01	0.068638	23792.61	95.0	netMHCIIpan	15
SDTAVYYCARAPDCADADCHKGAFGYWGQGTLVTVS	18	CHKGAFGYWGQGTLV	HLA-DRA1*01:01-DRB1*11:01	0.188123	6531.09	61.79	netMHCIIpan	15
SDTAVYYCARAPDCADADCHKGAFGYWGQGTLVTVS	15	DADCHKGAFGYWGQG	HLA-DRA1*01:01-DRB1*11:01	0.12289	13228.59	82.08	netMHCIIpan	15
SDTAVYYCARAPDCADADCHKGAFGYWGQGTLVTVS	12	DCADADCHKGAFGYW	HLA-DRA1*01:01-DRB1*11:01	0.11298	14725.85	85.05	netMHCIIpan	15
SDTAVYYCARAPDCADADCHKGAFGYWGQGTLVTVS	17	DCHKGAFGYWGQGTL	HLA-DRA1*01:01-DRB1*11:01	0.155384	9307.33	71.97	netMHCIIpan	15
SDTAVYYCARAPDCADADCHKGAFGYWGQGTLVTVS	1	DTAVYYCARAPDCAD	HLA-DRA1*01:01-DRB1*11:01	0.321734	1538.69	27.91	netMHCIIpan	15
SDTAVYYCARAPDCADADCHKGAFGYWGQGTLVTVS	21	GAFGYWGQGTLVTVS	HLA-DRA1*01:01-DRB1*11:01	0.320667	1556.56	28.12	netMHCIIpan	15
SDTAVYYCARAPDCADADCHKGAFGYWGQGTLVTVS	19	HKGAFGYWGQGTLVT	HLA-DRA1*01:01-DRB1*11:01	0.237445	3830.21	47.43	netMHCIIpan	15
SDTAVYYCARAPDCADADCHKGAFGYWGQGTLVTVS	20	KGAFGYWGQGTLVTV	HLA-DRA1*01:01-DRB1*11:01	0.295903	2034.84	33.14	netMHCIIpan	15
SDTAVYYCARAPDCADADCHKGAFGYWGQGTLVTVS	11	PDCADADCHKGAFGY	HLA-DRA1*01:01-DRB1*11:01	0.092531	18372.56	90.71	netMHCIIpan	15
SDTAVYYCARAPDCADADCHKGAFGYWGQGTLVTVS	9	RAPDCADADCHKGAF	HLA-DRA1*01:01-DRB1*11:01	0.08232	20518.74	93.17	netMHCIIpan	15
SDTAVYYCARAPDCADADCHKGAFGYWGQGTLVTVS	0	SDTAVYYCARAPDCA	HLA-DRA1*01:01-DRB1*11:01	0.339003	1276.45	24.71	netMHCIIpan	15
SDTAVYYCARAPDCADADCHKGAFGYWGQGTLVTVS	2	TAVYYCARAPDCADA	HLA-DRA1*01:01-DRB1*11:01	0.339629	1267.84	24.61	netMHCIIpan	15
SDTAVYYCARAPDCADADCHKGAFGYWGQGTLVTVS	4	VYYCARAPDCADADC	HLA-DRA1*01:01-DRB1*11:01	0.227165	4280.83	50.27	netMHCIIpan	15
SDTAVYYCARAPDCADADCHKGAFGYWGQGTLVTVS	6	YCARAPDCADADCHK	HLA-DRA1*01:01-DRB1*11:01	0.086079	19700.96	92.27	netMHCIIpan	15
SDTAVYYCARAPDCADADCHKGAFGYWGQGTLVTVS	5	YYCARAPDCADADCH	HLA-DRA1*01:01-DRB1*11:01	0.127103	12639.12	80.82	netMHCIIpan	15
SDTAVYYCARAPDCADADCHKGAFGYWGQGTLVTVS	14	ADADCHKGAFGYWGQ	HLA-DRA1*01:01-DRB5*01:01	0.157423	9104.25	77.69	netMHCIIpan	15
SDTAVYYCARAPDCADADCHKGAFGYWGQGTLVTVS	16	ADCHKGAFGYWGQGT	HLA-DRA1*01:01-DRB5*01:01	0.160234	8831.52	76.89	netMHCIIpan	15
SDTAVYYCARAPDCADADCHKGAFGYWGQGTLVTVS	10	APDCADADCHKGAFG	HLA-DRA1*01:01-DRB5*01:01	0.105631	15944.58	91.24	netMHCIIpan	15
SDTAVYYCARAPDCADADCHKGAFGYWGQGTLVTVS	8	ARAPDCADADCHKGA	HLA-DRA1*01:01-DRB5*01:01	0.100664	16824.92	92.32	netMHCIIpan	15
SDTAVYYCARAPDCADADCHKGAFGYWGQGTLVTVS	3	AVYYCARAPDCADAD	HLA-DRA1*01:01-DRB5*01:01	0.298813	1971.77	39.16	netMHCIIpan	15
SDTAVYYCARAPDCADADCHKGAFGYWGQGTLVTVS	13	CADADCHKGAFGYWG	HLA-DRA1*01:01-DRB5*01:01	0.145722	10333.01	80.97	netMHCIIpan	15
SDTAVYYCARAPDCADADCHKGAFGYWGQGTLVTVS	7	CARAPDCADADCHKG	HLA-DRA1*01:01-DRB5*01:01	0.094944	17899.09	93.55	netMHCIIpan	15
SDTAVYYCARAPDCADADCHKGAFGYWGQGTLVTVS	18	CHKGAFGYWGQGTLV	HLA-DRA1*01:01-DRB5*01:01	0.238972	3767.45	54.38	netMHCIIpan	15
SDTAVYYCARAPDCADADCHKGAFGYWGQGTLVTVS	15	DADCHKGAFGYWGQG	HLA-DRA1*01:01-DRB5*01:01	0.150866	9773.61	79.54	netMHCIIpan	15
SDTAVYYCARAPDCADADCHKGAFGYWGQGTLVTVS	12	DCADADCHKGAFGYW	HLA-DRA1*01:01-DRB5*01:01	0.138722	11146.01	82.92	netMHCIIpan	15
SDTAVYYCARAPDCADADCHKGAFGYWGQGTLVTVS	17	DCHKGAFGYWGQGTL	HLA-DRA1*01:01-DRB5*01:01	0.195302	6042.99	66.79	netMHCIIpan	15
SDTAVYYCARAPDCADADCHKGAFGYWGQGTLVTVS	1	DTAVYYCARAPDCAD	HLA-DRA1*01:01-DRB5*01:01	0.312746	1695.84	35.98	netMHCIIpan	15
SDTAVYYCARAPDCADADCHKGAFGYWGQGTLVTVS	21	GAFGYWGQGTLVTVS	HLA-DRA1*01:01-DRB5*01:01	0.338837	1278.75	30.46	netMHCIIpan	15
SDTAVYYCARAPDCADADCHKGAFGYWGQGTLVTVS	19	HKGAFGYWGQGTLVT	HLA-DRA1*01:01-DRB5*01:01	0.283727	2321.38	42.71	netMHCIIpan	15
SDTAVYYCARAPDCADADCHKGAFGYWGQGTLVTVS	20	KGAFGYWGQGTLVTV	HLA-DRA1*01:01-DRB5*01:01	0.331771	1380.35	31.88	netMHCIIpan	15
SDTAVYYCARAPDCADADCHKGAFGYWGQGTLVTVS	11	PDCADADCHKGAFGY	HLA-DRA1*01:01-DRB5*01:01	0.113443	14652.26	89.48	netMHCIIpan	15
SDTAVYYCARAPDCADADCHKGAFGYWGQGTLVTVS	9	RAPDCADADCHKGAF	HLA-DRA1*01:01-DRB5*01:01	0.110678	15097.23	90.15	netMHCIIpan	15
SDTAVYYCARAPDCADADCHKGAFGYWGQGTLVTVS	0	SDTAVYYCARAPDCA	HLA-DRA1*01:01-DRB5*01:01	0.323813	1504.47	33.54	netMHCIIpan	15
SDTAVYYCARAPDCADADCHKGAFGYWGQGTLVTVS	2	TAVYYCARAPDCADA	HLA-DRA1*01:01-DRB5*01:01	0.33139	1386.05	31.96	netMHCIIpan	15
SDTAVYYCARAPDCADADCHKGAFGYWGQGTLVTVS	4	VYYCARAPDCADADC	HLA-DRA1*01:01-DRB5*01:01	0.255458	3151.96	49.97	netMHCIIpan	15
SDTAVYYCARAPDCADADCHKGAFGYWGQGTLVTVS	6	YCARAPDCADADCHK	HLA-DRA1*01:01-DRB5*01:01	0.10826	15497.42	90.67	netMHCIIpan	15
SDTAVYYCARAPDCADADCHKGAFGYWGQGTLVTVS	5	YYCARAPDCADADCH	HLA-DRA1*01:01-DRB5*01:01	0.17498	7529.12	72.66	netMHCIIpan	15
